Player,Nation,Pos,Squad,Age,Born,90s,Total_Cmp,Total_Att,Total_Cmp%,TotDist,Total_PrgDist,Short_Cmp,Short_Att,Short_Cmp%,Medium_Cmp,Medium_Att,Medium_Cmp%,Long_Cmp,Long_Att,Long_Cmp%,Ast,xA,A-xA,KP,3-Jan,PPA,CrsPA,Prog
Patrick van Aanholt\Patrick-van-Aanholt,nl NED,DF,Crystal Palace,29,1990,19.7,45.1,57.2,78.9,756.6,352.5,23,26,88.7,17.3,21.2,81.3,3.96,7.66,51.7,0.05,0.04,0.01,0.56,3.45,1.32,0.2,5.69
Tammy Abraham\Tammy-Abraham,eng ENG,FW,Chelsea,22,1997,11.6,12.8,18.8,68.3,177.3,28.2,7.93,10.2,78,3.36,5.52,60.9,0.78,1.29,60,0.09,0.08,0.01,0.69,1.03,0.17,0,0.95
Che Adams\Che-Adams,sco SCO,FW,Southampton,24,1996,29.6,15,21.4,70,248.6,55.2,7.67,10.2,75.2,4.83,6.22,77.7,1.72,2.47,69.9,0.17,0.2,-0.03,1.15,0.91,0.84,0.07,2.06
Tosin Adarabioyo\Tosin-Adarabioyo,eng ENG,DF,Fulham,22,1997,32.8,48.6,55.6,87.4,1138.3,363.7,9.27,10.4,89.4,28.5,30,94.8,10.5,14.3,73.6,0,0.01,-0.01,0.15,2.07,0.15,0.03,2.23
Adrián\Adrian,es ESP,GK,Liverpool,33,1987,3,25.3,33,76.8,677,378.3,5.33,5.33,100,12.3,12.7,97.4,7,14.3,48.8,0,0,0,0,0,0,0,0
Sergio Agüero\Sergio-Aguero,ar ARG,FWMF,Manchester City,32,1988,6.2,23.1,27.4,84.1,301.1,46,13.2,15.2,87.2,6.77,7.74,87.5,0.81,0.81,100,0.16,0.21,-0.05,0.97,1.77,0.97,0.16,1.94
Ola Aina\Ola-Aina,ng NGA,DF,Fulham,23,1996,29.6,44.9,57.8,77.7,862.8,348.7,17.8,19.7,90.1,20.8,24.2,86.1,5.74,12,48,0.03,0.05,-0.01,0.47,3.31,0.51,0.3,3.31
Rayan Aït Nouri\Rayan-Ait-Nouri,fr FRA,DF,Wolves,19,2001,15.6,42.1,50.3,83.7,694.6,197.1,21,22.8,91.9,17.8,20,89.1,2.63,5.19,50.6,0.06,0.06,0,0.83,1.92,0.9,0.32,2.95
Semi Ajayi\Semi-Ajayi,ng NGA,DF,West Brom,26,1993,30.9,22.8,30.7,74.4,502.5,213.3,6.41,7.51,85.3,11.8,14.4,81.8,4.43,8.25,53.7,0,0.01,-0.01,0.16,2.17,0.13,0,2.07
Nathan Aké\Nathan-Ake,nl NED,DF,Manchester City,25,1995,8.9,78.9,84.8,93,1446.4,397.1,32.5,33.6,96.7,39.2,41.8,93.8,6.74,8.2,82.2,0,0,0,0.11,6.74,0.22,0,4.04
Marc Albrighton\Marc-Albrighton,eng ENG,DFFW,Leicester City,30,1989,19.4,32.7,47.6,68.8,587.3,238.6,16.4,19.7,83.3,10.9,13.6,80.2,4.33,10.3,42.2,0.26,0.23,0.03,2.01,2.63,2.16,0.82,4.48
Thiago Alcántara\Thiago-Alcantara,es ESP,MF,Liverpool,29,1991,20.6,72.7,81.3,89.5,1533.7,399.6,25.3,27.4,92.6,32.6,35.2,92.7,13.5,16.4,82.2,0,0.11,-0.11,1.41,10,1.31,0.05,8.93
Toby Alderweireld\Toby-Alderweireld,be BEL,DF,Tottenham,31,1989,24.9,45.9,54.9,83.7,1089.7,302.9,10.7,11.6,92.7,23.3,25.1,93,11.5,17.3,66.4,0,0.01,-0.01,0.28,3.05,0.24,0.04,2.09
Rúnar Alex Rúnarsson\Runar-Alex-Runarsson,is ISL,GK,Arsenal,25,1995,0.2,35,55,63.6,630,255,10,10,100,25,25,100,0,20,0,0,0,0,0,0,0,0,0
Trent Alexander-Arnold\Trent-Alexander-Arnold,eng ENG,DF,Liverpool,21,1998,33.7,65.8,87.3,75.3,1409.9,578.6,23.3,26.4,88.2,29.5,35.3,83.6,12.4,23.1,53.9,0.21,0.24,-0.03,2.17,6.17,3,0.95,8.25
Ezgjan Alioski\Ezgjan-Alioski,mk MKD,DF,Leeds United,28,1992,27.3,47.8,59.7,80.1,813.4,304.8,23,25.8,89.5,20.8,24.2,85.8,3.55,7.18,49.5,0.11,0.11,0,0.99,3,1.17,0.48,4.18
Alisson\Alisson,br BRA,GK,Liverpool,27,1992,33,29.4,34.5,85.2,768.4,405.9,4.82,4.88,98.8,15.9,16.2,98.1,8.52,13.2,64.4,0,0,0,0,0.21,0,0,0.03
Allan\Allan,br BRA,MF,Everton,29,1991,22.8,39.4,46,85.8,744.9,190.7,16.2,17.6,92,16.8,18.8,89.3,5.66,7.81,72.5,0,0.04,-0.04,0.7,3.99,0.66,0.04,3.6
Dele Alli\Dele-Alli,eng ENG,MF,Tottenham,24,1996,6.9,39.1,48.8,80.1,674.5,155.1,18,21,85.5,16.8,19.1,87.9,3.77,5.65,66.7,0.14,0.13,0.01,1.16,2.46,1.3,0.14,3.91
Miguel Almirón\Miguel-Almiron,py PAR,MFFW,Newcastle Utd,26,1994,27,26.3,32.5,81.1,449,100,13,14.6,89.1,10,11.7,85.2,2.44,4.04,60.6,0.04,0.1,-0.07,1,2.07,0.96,0.26,2.41
Marcos Alonso\Marcos-Alonso,es ESP,DF,Chelsea,29,1990,10.7,45.1,55.3,81.6,759.3,267.9,22.3,25,89.5,19.3,22.4,86.3,3.18,5.79,54.8,0,0.1,-0.1,1.12,1.78,0.75,0.19,4.58
Steven Alzate\Steven-Alzate,co COL,MFDF,Brighton,21,1998,10,39.9,44.6,89.5,692.8,132.1,19.4,21.3,91.1,15.4,16.3,94.5,4.5,5.4,83.3,0,0.05,-0.05,1,3.3,0.6,0,3.5
Daniel Amartey\Daniel-Amartey,gh GHA,DF,Leicester City,25,1994,8,50,58.3,85.8,950.8,295.3,17,18.3,93.2,26.5,30,88.3,5.63,7.75,72.6,0,0,0,0,2.38,0.13,0,3.13
Ethan Ampadu\Ethan-Ampadu,wal WAL,DFMF,Sheffield Utd,19,2000,23.2,36.9,45.9,80.5,744.7,237.3,13.2,15.2,86.7,17.5,20.3,86.2,5.78,9.09,63.5,0,0.04,-0.04,0.43,2.97,0.69,0.09,3.62
Joachim Andersen\Joachim-Andersen,dk DEN,DF,Fulham,24,1996,30.3,50.5,60.5,83.4,1261.9,374.6,9.9,11,89.8,27.1,29.5,91.8,13.1,19,68.8,0.03,0.02,0.02,0.3,3.99,0.3,0.03,3.27
Elliot Anderson\Elliot-Anderson,sco SCO,MF,Newcastle Utd,17,2002,0,1,1,100,10,0,1,1,100,0,0,,0,0,,0,0,0,0,0,0,0,0
Felipe Anderson\Felipe-Anderson,br BRA,FWMF,West Ham,27,1993,0,4,6,66.7,61,28,2,2,100,2,4,50,0,0,,0,0,0,0,0,0,0,2
Michail Antonio\Michail-Antonio,eng ENG,FW,West Ham,30,1990,21.9,14.9,22.4,66.5,228.7,42.2,8.63,11.8,73,4.11,6.12,67.2,1.37,2.37,57.7,0.23,0.11,0.12,1.05,1,0.55,0.09,1.14
Alphonse Areola\Alphonse-Areola,fr FRA,GK,Fulham,27,1993,36,20.5,27.8,73.6,560.1,334.2,6.14,6.14,100,6.97,7.06,98.8,6.89,14.1,48.7,0,0,0,0,0.17,0,0,0
Stuart Armstrong\Stuart-Armstrong,sco SCO,MF,Southampton,28,1992,30.7,32.6,41,79.7,541.2,153.5,16.8,19.7,85.3,12.5,14.5,86.3,2.77,4.14,66.9,0.16,0.09,0.07,1.11,2.93,1.3,0.16,3.78
Kepa Arrizabalaga\Kepa-Arrizabalaga,es ESP,GK,Chelsea,25,1994,6.5,30.5,37.4,81.5,801.4,403.4,7.54,7.85,96.1,13.7,13.7,100,9.23,15.8,58.3,0,0,0,0,0.46,0,0,0.15
Pierre-Emerick Aubameyang\Pierre-Emerick-Aubameyang,ga GAB,FW,Arsenal,31,1989,25.9,20,26.7,75,304.4,58.2,11.2,13.7,81.4,7.07,9.19,76.9,1.08,1.97,54.9,0.12,0.11,0.01,0.85,0.69,1.04,0.35,1.93
Serge Aurier\Serge-Aurier,ci CIV,DF,Tottenham,27,1992,17.8,43.2,53.6,80.6,708.8,290.5,22.6,25.1,90.1,16.7,21,79.6,3.26,5.56,58.6,0.17,0.11,0.06,0.67,1.63,1.12,0.34,3.43
Charlie Austin\Charlie-Austin,eng ENG,FW,West Brom,31,1989,1.5,16.7,22.7,73.5,249.3,89.3,8,9.33,85.7,8,10.7,75,0.67,1.33,50,0,0,0,0,0,0,0,2.67
Jordan Ayew\Jordan-Ayew,gh GHA,FWMF,Crystal Palace,28,1991,23.3,22.1,28.1,78.6,308.7,52.5,13.7,16,85.8,6.27,7.94,78.9,0.99,1.76,56.1,0.13,0.03,0.1,0.52,0.52,0.6,0.09,1.55
Luke Ayling\Luke-Ayling,eng ENG,DF,Leeds United,28,1991,37.8,55.8,70.4,79.3,1135.7,455.7,20.2,22.9,88.3,26.4,30.3,86.9,8.76,15.2,57.8,0,0.07,-0.07,0.66,4.68,0.93,0.32,5.37
César Azpilicueta\Cesar-Azpilicueta,es ESP,DF,Chelsea,30,1989,24.3,72.6,82.9,87.5,1266.3,455.1,30.9,33.1,93.3,35.9,39.2,91.6,4.9,8.27,59.2,0.08,0.11,-0.02,1.07,5.35,1.03,0.21,4.77
Eric Bailly\Eric-Bailly,ci CIV,DF,Manchester Utd,26,1994,10.2,48.4,53.6,90.3,1018,305.2,13.6,14.5,93.9,27.5,29.8,92.4,6.96,8.92,78,0,0,0,0,2.75,0,0,2.84
Fabián Balbuena\Fabian-Balbuena,py PAR,DF,West Ham,28,1991,13.3,26.8,35,76.8,646.8,247.8,5.79,6.62,87.5,14.1,16,87.8,6.69,11.6,57.8,0,0,0,0,2.48,0,0,2.26
George Baldock\George-Baldock,eng ENG,DF,Sheffield Utd,27,1993,31,29.4,37.4,78.5,447,147.1,17.1,18.6,91.7,9.74,12.5,78.2,1.71,3.9,43.8,0.06,0.05,0.01,0.55,1.26,0.94,0.26,1.97
Gareth Bale\Gareth-Bale,wal WAL,FW,Tottenham,31,1989,10.2,27.8,40,69.6,546.8,174.1,13.8,16.7,82.9,7.94,11.3,70.4,5.2,9.31,55.8,0.2,0.19,0.01,1.96,2.16,1.57,0.59,3.14
Patrick Bamford\Patrick-Bamford,eng ENG,FW,Leeds United,26,1993,33.9,11.4,14.9,76.3,154.3,25.7,6.61,8.47,78,3.24,3.98,81.5,0.65,0.8,81.5,0.21,0.12,0.09,0.86,0.62,0.38,0.06,0.91
Phil Bardsley\Phil-Bardsley,sco SCO,DF,Burnley,35,1985,3,38.7,55,70.3,752,316.3,15.7,16.3,95.9,17,22.3,76.1,5.33,13.3,40,0,0,0,0,3,2,0.33,3.67
Ross Barkley\Ross-Barkley,eng ENG,MF,Aston Villa,26,1993,17,36.4,44.9,81,670.1,171.1,17.1,19.5,87.6,13.5,15.6,86.8,5.06,7.82,64.7,0.06,0.21,-0.15,2.29,2.65,1.59,0,4.47
Ross Barkley\Ross-Barkley,eng ENG,MF,Chelsea,26,1993,0.5,44,52,84.6,882,144,20,26,76.9,16,18,88.9,8,8,100,0,0.2,-0.2,2,4,2,0,4
Ashley Barnes\Ashley-Barnes,eng ENG,FW,Burnley,30,1989,14.8,13.2,20.7,63.5,174.3,38.8,8.72,11.7,74.6,3.04,5,60.8,0.54,1.96,27.6,0,0.05,-0.05,0.88,0.88,0.47,0.07,1.35
Harvey Barnes\Harvey-Barnes,eng ENG,FWMF,Leicester City,22,1997,21.6,21.7,29,74.8,335.1,86.8,12.3,15.3,80.1,7.27,9.17,79.3,1.53,2.36,64.7,0.19,0.07,0.12,1.16,1.71,0.88,0.09,2.87
Kyle Bartley\Kyle-Bartley,eng ENG,DF,West Brom,29,1991,28.7,22,28.2,77.9,469.5,152.9,6.79,8.26,82.3,11.3,13,86.4,3.66,6.45,56.8,0.03,0.01,0.03,0.14,1.81,0.1,0.03,1.05
Chris Basham\Chris-Basham,eng ENG,DFMF,Sheffield Utd,32,1988,28.6,31.5,38.6,81.4,569.4,164.8,14.1,15.8,89.6,13.2,15.5,84.9,3.67,5.91,62.1,0.03,0.03,0.01,0.35,1.89,0.52,0.24,2.17
Michy Batshuayi\Michy-Batshuayi,be BEL,FW,Crystal Palace,26,1993,8.1,14.6,20.7,70.2,212.6,43.2,7.78,10,77.8,4.81,6.79,70.9,0.99,1.23,80,0.12,0.17,-0.05,0.86,0.86,0.49,0.12,1.36
Jan Bednarek\Jan-Bednarek,pl POL,DF,Southampton,24,1996,34.4,49.3,58.3,84.6,944.1,314.2,18.2,19.6,92.6,25.5,27.9,91.2,5.17,9.65,53.6,0.03,0.01,0.02,0.15,2.33,0.12,0,2.33
Donny van de Beek\Donny-van-de-Beek,nl NED,MFFW,Manchester Utd,23,1997,5.8,40.5,48.1,84.2,629.5,130.7,21.7,24.3,89.4,16.2,17.6,92.2,1.9,2.93,64.7,0.17,0.17,0,0.52,1.9,0.34,0.17,1.72
Héctor Bellerín\Hector-Bellerin,es ESP,DF,Arsenal,25,1995,23.2,46.5,56.1,82.9,781.9,221.9,21.5,24.8,86.6,21.4,24.7,86.6,2.72,4.35,62.4,0.09,0.1,-0.02,0.95,2.63,1.25,0.39,3.79
Saïd Benrahma\Said-Benrahma,dz ALG,FWMF,West Ham,24,1995,15.5,26.5,34,78,412.5,117.7,15.2,17,89.4,8.52,10.7,79.5,1.87,4.26,43.9,0.39,0.28,0.1,1.74,2.65,1.42,0.39,3.03
Josh Benson\Josh-Benson,eng ENG,MF,Burnley,20,1999,2.9,21.4,29.3,72.9,298.3,111,13.1,14.5,90.5,5.86,8.28,70.8,1.38,4.14,33.3,0,0,0,0,1.38,0,0,2.41
Christian Benteke\Christian-Benteke,be BEL,FW,Crystal Palace,29,1990,20.2,18.1,28.4,63.8,250,49,10.7,16.2,66.4,5.1,8.47,60.2,1.04,1.49,70,0.05,0.05,0,0.74,1.24,0.69,0.1,1.63
Gaetano Berardi\Gaetano-Berardi,ch SUI,DF,Leeds United,31,1988,1.3,35.4,43.1,82.1,690.8,327.7,10.8,12.3,87.5,20.8,23.1,90,3.85,6.92,55.6,0,0,0,0,1.54,0.77,0,2.31
Jóhann Berg Guðmundsson\Johann-Berg-Gudmundsson,is ISL,MF,Burnley,29,1990,15.1,23.6,31.3,75.4,405.2,98.9,12.6,14.6,86.4,7.48,9.47,79,2.91,6.03,48.4,0,0.03,-0.03,0.66,1.26,0.99,0.33,2.25
Sander Berge\Sander-Berge,no NOR,MF,Sheffield Utd,22,1998,12.4,30.6,37.4,81.9,557.3,114.8,13.2,15.9,83.2,13.1,14.8,88.6,3.63,5.08,71.4,0.08,0.1,-0.02,0.97,2.66,0.32,0.16,2.42
Steven Bergwijn\Steven-Bergwijn,nl NED,FWMF,Tottenham,22,1997,13.4,25.9,31.9,81.1,361.3,63.4,16.1,18.1,89.3,7.76,9.55,81.3,0.67,2.31,29,0.22,0.1,0.13,1.04,1.57,0.67,0,1.34
Bernard\Bernard,br BRA,MFFW,Everton,27,1992,5.1,42.4,53.3,79.4,704.1,181,21.2,23.9,88.5,15.9,20,79.4,4.12,5.69,72.4,0,0.14,-0.14,1.96,4.12,2.16,0.39,4.51
Bernardo\Bernardo,br BRA,DFMF,Brighton,25,1995,2.3,27,37.8,71.3,453,125.2,13.9,16.5,84.2,10.4,14.8,70.6,2.17,2.61,83.3,0,0.09,-0.09,0.87,1.3,0.87,0.43,2.61
Ryan Bertrand\Ryan-Bertrand,eng ENG,DF,Southampton,30,1989,28.9,40.9,53.2,76.8,673,258.7,20.8,23.6,88.1,16.3,20.5,79.6,2.8,6.54,42.9,0.03,0.04,-0.01,0.45,2.25,0.83,0.17,3.36
Yves Bissouma\Yves-Bissouma,ml MLI,MF,Brighton,23,1996,34.6,42.2,48.4,87.2,843.4,156.5,14.9,16.8,88.7,20,21.9,91.5,6.62,8.47,78.2,0,0.03,-0.03,0.43,3.55,0.61,0.06,3.29
Jayden Bogle\Jayden-Bogle,eng ENG,DF,Sheffield Utd,20,2000,12.3,24.4,31.1,78.3,388,151.8,14,15.9,87.8,7.07,8.78,80.6,2.44,4.31,56.6,0,0.02,-0.02,0.33,1.38,0.57,0.08,1.95
Willy Boly\Willy-Boly,ci CIV,DF,Wolves,29,1991,20.9,39.7,48,82.8,778.9,269.7,13.3,14.9,88.8,20.9,23.2,89.9,5.17,8.9,58.1,0.05,0.02,0.03,0.14,2.25,0.05,0,1.91
Jarrod Bowen\Jarrod-Bowen,eng ENG,FWMF,West Ham,23,1996,28.5,17.5,25.8,68,339.9,75.4,7.51,9.82,76.4,6.7,8.53,78.6,2.91,5.82,50,0.18,0.16,0.01,0.98,0.77,0.77,0.32,1.3
Robbie Brady\Robbie-Brady,ie IRL,MF,Burnley,28,1992,11.7,22.7,33.6,67.7,402,139.1,11.4,13.8,82.6,7.52,11,68.2,2.91,6.67,43.6,0.09,0.08,0.01,0.6,1.97,0.51,0.34,2.74
Rhian Brewster\Rhian-Brewster,eng ENG,FW,Sheffield Utd,20,2000,12.5,12.5,18,69.3,209.7,51.9,6.96,8.96,77.7,3.68,5.36,68.7,1.6,2.64,60.6,0,0.14,-0.14,0.64,1.04,0.32,0.16,1.12
Nathan Broadhead\Nathan-Broadhead,wal WAL,MF,Everton,22,1998,0,2,2,100,21,2,2,2,100,0,0,,0,0,,0,0,0,0,0,0,0,0
Josh Brownhill\Josh-Brownhill,eng ENG,MF,Burnley,24,1995,31.3,30,37.9,79,475.6,107.9,15.6,17.9,87.3,10.4,12.8,81.1,2.56,4.86,52.6,0.03,0.04,0,0.61,2.11,0.54,0.06,2.11
Joe Bryan\Joe-Bryan,eng ENG,DFFW,Fulham,26,1993,7.4,39.9,56.8,70.2,707.6,298.9,19.9,23.2,85.5,15.1,19.3,78.3,4.19,11.2,37.3,0,0.05,-0.05,0.81,3.11,0.68,0.27,3.65
Kean Bryan\Kean-Bryan,eng ENG,DF,Sheffield Utd,23,1996,11.2,28.8,39.6,72.9,590.5,271.5,10.5,11.5,91.5,13.1,16,82.1,4.46,10.3,43.5,0,0.04,-0.04,0.36,2.41,0.27,0.09,1.96
Oliver Burke\Oliver-Burke,sco SCO,FW,Sheffield Utd,23,1997,14.1,13.1,18.6,70.6,172.6,23.1,8.09,10.4,77.6,3.69,4.75,77.6,0.35,0.85,41.7,0.07,0.13,-0.06,0.92,0.35,0.57,0.07,0.78
Dan Burn\Dan-Burn,eng ENG,DF,Brighton,28,1992,22.9,41.6,54.2,76.7,737.2,230.8,17.4,21.3,81.8,20.8,25,83.4,2.88,6.2,46.5,0,0.04,-0.04,0.39,3.19,0.66,0.22,3.36
Jack Butland\Jack-Butland,eng ENG,GK,Crystal Palace,27,1993,1,6,21,28.6,258,207,2,2,100,0,0,,4,19,21.1,0,0,0,0,1,0,0,0
David Button\David-Button,eng ENG,GK,West Brom,31,1989,1,16,37,43.2,687,484,2,2,100,2,2,100,12,33,36.4,0,0,0,0,0,0,0,0
Oskar Buur\Oskar-Buur,dk DEN,DF,Wolves,22,1998,0.2,70,75,93.3,1005,235,45,45,100,25,25,100,0,5,0,0,0,0,0,0,0,0,0
Willy Caballero\Willy-Caballero,ar ARG,GK,Chelsea,38,1981,1,24,26,92.3,496,302,8,8,100,13,13,100,3,5,60,0,0,0,0,0,0,0,0
Gary Cahill\Gary-Cahill,eng ENG,DF,Crystal Palace,34,1985,20,29.5,34.9,84.6,642.8,220.8,8.2,9.55,85.9,16.4,17.6,93.4,4.7,7.4,63.5,0.05,0.03,0.01,0.4,1.7,0.05,0,1.7
Tom Cairney\Tom-Cairney,sco SCO,MF,Fulham,29,1991,8.4,65.6,73.9,88.7,1329.2,239.2,25.5,27,94.3,27,29.4,91.9,11.9,15.2,78.1,0.12,0.17,-0.05,2.38,7.26,1.19,0.6,3.81
Dominic Calvert-Lewin\Dominic-Calvert-Lewin,eng ENG,FW,Everton,23,1997,31.9,15,21,71.6,225.6,36,8.9,11.6,77,4.11,6.05,67.9,1.38,1.66,83,0,0.06,-0.06,0.53,0.85,0.34,0.03,1.13
João Cancelo\Joao-Cancelo,pt POR,DF,Manchester City,26,1994,25.5,70.4,82.1,85.7,1246.9,352.5,33.4,36.2,92.3,28.6,32.6,87.8,7.49,10.9,69,0.12,0.19,-0.07,1.73,5.29,2.71,0.35,6.51
Ian Carlo Poveda\Ian-Carlo-Poveda,eng ENG,MFDF,Leeds United,20,2000,3.9,22.1,30,73.5,354.9,123.6,10.8,13.6,79.2,8.46,10.5,80.5,2.05,3.59,57.1,0,0.21,-0.21,1.03,1.79,2.31,0.51,4.62
Andy Carroll\Andy-Carroll,eng ENG,FW,Newcastle Utd,31,1989,4.4,20.2,32,63.1,321.6,98.4,12,16.8,71.6,5.91,10.5,56.5,1.59,3.18,50,0,0.02,-0.02,0.45,2.27,0.68,0,2.73
Scott Carson\Scott-Carson,eng ENG,GK,Manchester City,34,1985,1,15,16,93.8,334,200,3,3,100,9,9,100,3,4,75,0,0,0,0,0,0,0,0
Fabio Carvalho\Fabio-Carvalho,eng ENG,MFFW,Fulham,17,2002,2.8,23.9,30.7,77.9,310.4,35,16.8,19.6,85.5,5.36,6.43,83.3,1.07,1.79,60,0,0.14,-0.14,0.71,1.07,0.71,0,1.79
Matty Cash\Matty-Cash,eng ENG,DF,Aston Villa,22,1997,26.4,36.3,49.2,73.9,705.2,263.9,14.9,16.7,89.5,15.6,19.6,79.7,5.34,11.6,45.9,0.08,0.08,-0.01,0.83,2.95,0.91,0.61,2.42
Kiko Casilla\Kiko-Casilla,es ESP,GK,Leeds United,33,1986,3,27.3,31.3,87.2,691,410,9,9,100,9.67,9.67,100,8.33,12.3,67.6,0,0,0,0,0,0,0,0
Timothy Castagne\Timothy-Castagne,be BEL,DF,Leicester City,24,1995,26.1,48.5,57.9,83.8,791.3,273.7,24.3,26.6,91.5,21,24.2,86.8,2.84,5.4,52.5,0.11,0.08,0.04,0.84,3.33,0.8,0.27,3.79
Jonny Castro\Jonny-Castro,es ESP,DF,Wolves,26,1994,5.5,34.2,43.5,78.7,503.6,182.2,20.2,23.1,87.4,12,14.4,83.5,1.45,3.45,42.1,0,0.02,-0.02,0.55,1.45,0.18,0.18,2
Ivan Cavaleiro\Ivan-Cavaleiro,pt POR,FWMF,Fulham,26,1993,27.5,21.8,30.3,71.9,364.5,88.3,11.2,13.8,81,7.75,9.6,80.7,2.18,4.76,45.8,0,0.12,-0.12,1.6,0.69,1.09,0.4,1.82
Edinson Cavani\Edinson-Cavani,uy URU,FW,Manchester Utd,33,1987,15.3,17.6,22.4,78.7,295.2,41,8.76,10.7,82.2,6.21,7.39,84.1,1.96,2.35,83.3,0.2,0.18,0.02,0.98,1.05,0.85,0.07,1.18
Dani Ceballos\Dani-Ceballos,es ESP,MF,Arsenal,23,1996,17.9,62.1,71.8,86.5,1230.6,289.5,23.2,25.5,90.8,28.5,31.2,91.6,9.61,12.8,74.8,0.17,0.16,0.01,1.51,7.32,1.23,0.17,5.98
Calum Chambers\Calum-Chambers,eng ENG,DF,Arsenal,25,1995,8.4,55,68.5,80.3,988.2,284.3,24.5,27.5,89.2,24.3,28.7,84.6,5.6,10.1,55.3,0.24,0.13,0.11,1.31,2.86,1.07,0.6,2.74
Ben Chilwell\Ben-Chilwell,eng ENG,DF,Chelsea,23,1996,25.4,55.9,71.1,78.6,946.4,317.5,28,30.7,90.9,21.9,26.9,81.4,4.8,10.3,46.6,0.2,0.11,0.09,1.18,3.43,1.02,0.43,5
Hamza Choudhury\Hamza-Choudhury,eng ENG,MF,Leicester City,22,1997,3.5,54.3,67.1,80.9,1052,176,20.9,26.3,79.3,25.4,29.1,87.3,7.14,9.71,73.5,0,0,0,0,3.71,0,0,2.29
Andreas Christensen\Andreas-Christensen,dk DEN,DF,Chelsea,24,1996,15.2,66.5,71.6,92.8,1403.6,378.6,19.4,20.8,93.4,36.3,38,95.3,10.4,12,86.3,0,0.03,-0.03,0.39,2.89,0.2,0,3.03
Carney Chukwuemeka\Carney-Chukwuemeka,eng ENG,FWMF,Aston Villa,16,2004,0.2,25,40,62.5,440,50,15,15,100,5,10,50,5,10,50,0,0,0,0,0,0,0,0
Ciaran Clark\Ciaran-Clark,ie IRL,DF,Newcastle Utd,30,1989,21,29.5,35.6,83,604.1,186.8,9.43,10.8,87.2,14.9,16.4,90.4,4.86,7.48,65,0,0,0,0.1,1.67,0.1,0,1.67
Nathaniel Clyne\Nathaniel-Clyne,eng ENG,DF,Crystal Palace,29,1991,12.7,34.4,44.8,76.8,543.9,216.7,18.3,20.3,89.9,12.9,16.1,80,2.36,5.91,40,0.08,0.03,0.05,0.31,1.57,1.02,0.47,1.97
Conor Coady\Conor-Coady,eng ENG,DF,Wolves,27,1993,36.7,42.9,48.7,88.1,1106.4,389.8,7.82,8.26,94.7,22.1,23.1,95.7,12.8,16.8,76,0,0,0,0.05,2.13,0.03,0,1.61
Séamus Coleman\Seamus-Coleman,ie IRL,DFMF,Everton,31,1988,17.9,34.9,42.8,81.5,623.3,228.4,16.6,18.3,90.9,13.9,16.4,85,4.02,6.65,60.5,0.17,0.11,0.06,1.01,1.79,0.78,0.28,2.4
Aaron Connolly\Aaron-Connolly,ie IRL,FW,Brighton,20,2000,8.8,8.98,11.5,78.2,130.3,18.8,5.11,6.36,80.4,2.95,3.41,86.7,0.45,0.57,80,0.11,0.02,0.09,0.57,0.23,0.11,0,0.34
Liam Cooper\Liam-Cooper,sco SCO,DF,Leeds United,28,1991,24.3,56.1,64,87.7,1299.4,385.5,12,12.8,93.3,32.3,33.8,95.5,11.7,16.7,70,0,0,0,0,3.21,0.12,0,2.76
Theo Corbeanu\Theo-Corbeanu,ca CAN,FW,Wolves,18,2002,0.1,30,30,100,530,280,10,10,100,0,0,,10,10,100,0,1,-1,10,0,10,10,0
Jack Cork\Jack-Cork,eng ENG,MF,Burnley,31,1989,15,27.5,33.3,82.6,438.6,85.5,14.3,16.2,88.1,9.8,10.8,90.7,2.4,4.07,59,0,0.02,-0.02,0.4,2.6,0.2,0,1.73
Hélder Costa\Helder-Costa,pt POR,MFFW,Leeds United,26,1994,12.8,18.9,25.6,73.8,257.7,68.9,12.3,14.1,87.8,5.31,7.27,73.1,0.55,1.8,30.4,0.23,0.07,0.16,0.7,0.55,1.02,0.31,1.25
Vladimír Coufal\Vladimir-Coufal,cz CZE,DF,West Ham,27,1992,33.9,35.4,49.9,70.9,606,299,17,19.3,87.9,14.3,19.5,73.5,3.48,8.58,40.5,0.21,0.14,0.07,1.36,2.42,1.18,0.68,3.51
Aaron Cresswell\Aaron-Cresswell,eng ENG,DF,West Ham,30,1989,35.2,43.8,58.5,74.8,877.4,419.4,18.6,20.9,89.1,17.5,20.9,83.7,7.16,14.7,48.6,0.23,0.17,0.06,1.7,4.23,0.68,0.48,3.41
Patrick Cutrone\Patrick-Cutrone,it ITA,FWMF,Wolves,22,1998,0.3,13.3,16.7,80,223.3,6.67,6.67,10,66.7,6.67,6.67,100,0,0,,0,0,0,0,0,0,0,0
Stuart Dallas\Stuart-Dallas,nir NIR,DFMF,Leeds United,29,1991,37.9,47.8,58.4,82,836.8,262.5,23.7,26.1,91,18.7,22.2,84.3,4.83,8.02,60.2,0.05,0.06,0,0.71,3.72,1,0.24,4.8
Scott Dann\Scott-Dann,eng ENG,DF,Crystal Palace,33,1987,15,33.9,40.3,84.1,693.1,317.2,10.8,11.9,90.5,18.2,19.6,92.9,4.67,8.07,57.9,0,0,0,0.07,1.6,0,0,1.87
Karl Darlow\Karl-Darlow,eng ENG,GK,Newcastle Utd,29,1990,25,14.6,29,50.1,621.6,457.1,1,1,100,4.44,4.6,96.5,9.12,23.4,38.9,0,0,0,0.04,0.32,0,0,0
Ben Davies\Ben-Davies,wal WAL,DF,Tottenham,27,1993,15,40.7,52.2,77.9,727.2,280.9,17.7,19.7,90.2,18.8,22.1,84.9,3.53,8.47,41.7,0.07,0.04,0.03,0.47,2.8,0.6,0.27,2.87
Tom Davies\Tom-Davies,eng ENG,MF,Everton,22,1998,15.8,36.3,43.3,83.8,693.9,169.9,14.9,16.7,89.4,15.9,18,88.7,4.94,6.77,72.9,0.06,0.06,0,0.44,2.72,0.44,0.13,2.97
Keinan Davis\Keinan-Davis,eng ENG,FWMF,Aston Villa,22,1998,3.1,18.7,25.5,73.4,271.9,45.5,11.6,12.9,90,6.13,9.35,65.5,0.65,1.29,50,0.32,0.16,0.16,1.61,0.32,0.97,0,0.97
Leif Davis\Leif-Davis,eng ENG,DF,Leeds United,20,2000,0.4,40,47.5,84.2,960,397.5,7.5,7.5,100,25,27.5,90.9,7.5,12.5,60,0,0,0,0,0,2.5,0,2.5
Craig Dawson\Craig-Dawson,eng ENG,DF,West Ham,30,1990,21.4,27.7,33.6,82.5,660.2,184.3,6.03,6.54,92.1,14.2,15.3,92.4,7.15,11.1,64.6,0,0,0,0.05,1.92,0.05,0,1.17
Kevin De Bruyne\Kevin-De-Bruyne,be BEL,MF,Manchester City,29,1991,22.2,48.1,63.3,76,950.9,278.5,20.4,24.1,84.3,18.8,23.1,81.4,7.93,12.6,62.9,0.54,0.46,0.08,3.56,5.77,3.56,0.41,7.79
Liam Delap\Liam-Delap,eng ENG,FW,Manchester City,17,2003,0.4,12.5,17.5,71.4,112.5,0,10,15,66.7,0,0,,0,0,,0,0,0,0,0,0,0,0
Fabian Delph\Fabian-Delph,eng ENG,MFDF,Everton,30,1989,3,68.7,78,88,1195.3,312.3,31.3,33.3,94,30.3,32.7,92.9,6,10.3,58.1,0,0.03,-0.03,0.67,5,0.33,0,5
Leander Dendoncker\Leander-Dendoncker,be BEL,MFDF,Wolves,25,1995,27.8,36.7,41.8,87.9,695,154.6,14.6,16.1,90.6,16.2,18,89.8,5.07,6.08,83.4,0,0.03,-0.03,0.58,2.3,0.29,0.07,2.23
Mbaye Diagne\Mbaye-Diagne,sn SEN,FW,West Brom,28,1991,13.2,12.3,17.4,70.4,181.7,34.5,7.95,9.62,82.7,3.18,5.3,60,0.91,1.59,57.1,0.15,0.13,0.02,0.91,0.98,0.38,0.15,1.21
Amad Diallo\Amad-Diallo,ci CIV,FW,Manchester Utd,18,2002,1.8,30,35.6,84.4,466.1,121.7,16.1,18.3,87.9,10,11.1,90,2.22,2.78,80,0.56,0.28,0.28,1.11,2.78,0.56,0,2.78
Ibrahima Diallo\Ibrahima-Diallo,fr FRA,MF,Southampton,21,1999,11.3,44.2,51.9,85.2,774.8,174.5,19.4,21.9,88.7,20.4,22,92.4,3.63,6.73,53.9,0,0.04,-0.04,0.71,3.19,0.53,0.09,2.92
Grady Diangana\Grady-Diangana,eng ENG,MFFW,West Brom,22,1998,13.7,18.7,25.6,72.9,262.3,65.2,10.7,13.2,80.7,6.72,8.47,79.3,0.58,2.04,28.6,0,0.01,-0.01,0.36,1.09,0.51,0,1.9
Raphael Dias Belloli\Raphael-Dias-Belloli,br BRA,MF,Leeds United,23,1996,26.2,26.9,40.3,66.7,514.2,205.9,12.3,14.5,85.2,9.69,13.7,70.6,4.31,9.54,45.2,0.34,0.31,0.03,2.52,3.09,1.6,0.34,5.15
Rúben Dias\Ruben-Dias,pt POR,DF,Manchester City,23,1997,31.6,79.1,84.5,93.6,1717.2,462.2,19.5,20.5,95.4,45.2,46.6,97,13.9,16.4,84.6,0,0,0,0.09,5.25,0.28,0.03,3.67
Eric Dier\Eric-Dier,eng ENG,DF,Tottenham,26,1994,28,50,59.1,84.6,1129.6,381.7,14,15.5,90.8,25.4,27.4,92.8,10.3,15.3,67.4,0,0,0,0.11,2.57,0.18,0,2.21
Lucas Digne\Lucas-Digne,fr FRA,DF,Everton,27,1993,29.8,41.1,56.7,72.5,739.7,298.6,19.4,22.3,87,16.4,21.2,77.3,4.53,10.3,44,0.23,0.18,0.05,1.48,2.11,1.24,0.87,3.62
Virgil van Dijk\Virgil-van-Dijk,nl NED,DF,Liverpool,29,1991,4.1,72.2,80.2,90,1726.3,514.4,14.9,15.9,93.8,42.9,45.4,94.6,14.4,18.8,76.6,0,0,0,0,6.34,0,0,4.88
Issa Diop\Issa-Diop,fr FRA,DF,West Ham,23,1997,15.3,31,36.8,84.4,613,189.5,10.5,12,87,15.9,17.5,91.4,4.25,6.6,64.4,0,0,0,0.07,1.83,0,0,1.44
Moussa Djenepo\Moussa-Djenepo,ml MLI,MF,Southampton,22,1998,13.8,21.4,29,73.8,331.2,91.5,11.6,13.9,83.3,8.04,10.1,79.9,1.3,2.39,54.5,0,0.04,-0.04,0.51,1.23,0.94,0.14,1.74
Matt Doherty\Matt-Doherty,ie IRL,DF,Tottenham,28,1992,13.8,48.3,59.9,80.6,793.1,307.2,26,29.1,89.3,18,22.2,81.1,3.41,6.38,53.4,0.14,0.06,0.09,0.8,1.67,1.01,0.51,3.12
Gabriel Dos Santos\Gabriel-Dos-Santos,br BRA,DF,Arsenal,22,1997,22.2,57.8,67.2,86,1216.7,352.3,17,18.6,91.3,30.4,32.5,93.5,9.77,14.9,65.8,0,0,0,0.09,3.69,0.14,0.09,2.39
Abdoulaye Doucouré\Abdoulaye-Doucoure,fr FRA,MF,Everton,27,1993,27.1,42.3,49.2,86,739,151,19.1,21.7,87.9,17.8,19.7,90.3,4.32,5.42,79.6,0.11,0.08,0.03,0.66,2.55,0.77,0.04,2.4
Martin Dúbravka\Martin-Dubravka,sk SVK,GK,Newcastle Utd,31,1989,13,23.8,32.8,72.6,745.5,412.5,4.85,4.85,100,9.46,9.69,97.6,9.31,18.1,51.5,0,0,0,0,0.15,0,0,0
Paul Dummett\Paul-Dummett,wal WAL,DF,Newcastle Utd,28,1991,13.9,29.5,38.4,76.8,553.6,276.7,13.2,14.3,92.5,11.9,14.4,83,3.74,8.56,43.7,0,0.04,-0.04,0.29,2.23,0.36,0.14,1.65
Lewis Dunk\Lewis-Dunk,eng ENG,DF,Brighton,28,1991,32.6,59.4,66,90,1389.4,381.5,14.6,15.5,94.5,30.7,32.2,95.1,13.6,17.5,77.5,0,0.03,-0.03,0.28,3.56,0.06,0,2.15
Jimmy Dunne\Jimmy-Dunne,ie IRL,DF,Burnley,22,1997,3,34.7,48.7,71.2,773.3,190,9.67,12.3,78.4,17.3,22.7,76.5,7.33,12.7,57.9,0,0.03,-0.03,0.67,0.33,0.33,0,0.67
Ederson\Ederson,br BRA,GK,Manchester City,26,1993,36,25.2,30.3,83.1,678.6,385,3.64,3.75,97,14.1,14.2,99.2,7.25,12.1,59.9,0.03,0.01,0.02,0.03,0.19,0.06,0,0.03
Kyle Edwards\Kyle-Edwards,eng ENG,MFFW,West Brom,22,1998,1.3,23.1,26.9,85.7,323.1,70,13.8,13.8,100,9.23,10,92.3,0,1.54,0,0,0,0,0,2.31,0,0,2.31
John Egan\John-Egan,ie IRL,DF,Sheffield Utd,27,1992,29.2,31.7,37.5,84.6,748.3,229.5,7.91,8.66,91.3,16.4,18,91.3,7.16,10.3,69.4,0.03,0.01,0.03,0.1,2.77,0.24,0.03,1.99
Anthony Elanga\Anthony-Elanga,se SWE,FW,Manchester Utd,18,2002,1.7,25.3,31.2,81.1,395.3,71.2,14.7,16.5,89.3,6.47,7.65,84.6,2.94,3.53,83.3,0,0,0,0.59,2.35,0,0,1.18
Ahmed Elmohamady\Ahmed-Elmohamady,eg EGY,DF,Aston Villa,32,1987,9.3,49.9,63.9,78.1,954.7,391.5,20.8,22.6,91.9,21.5,27.6,77.8,7.1,12.2,58.4,0,0.06,-0.06,1.4,3.87,2.8,0.86,5.16
Mohamed Elneny\Mohamed-Elneny,eg EGY,MF,Arsenal,28,1992,17.2,54.5,58.3,93.4,1074.1,213.5,19.4,20.4,95.2,26.6,27.7,96.2,7.91,9.13,86.6,0,0.01,-0.01,0.23,4.48,0.52,0,3.49
Jonny Evans\Jonny-Evans,nir NIR,DF,Leicester City,32,1988,27.5,56.1,64.1,87.5,1231.6,375.6,13.9,15.1,92.3,31.7,33.7,94.2,10.1,14.6,68.9,0.07,0.01,0.06,0.29,3.35,0.11,0,2.29
Eberechi Eze\Eberechi-Eze,eng ENG,MF,Crystal Palace,22,1998,28.4,32.3,40.8,79.3,518.9,153.5,17.7,19.9,89.2,10.5,12.7,82.5,2.99,6.13,48.9,0.21,0.1,0.11,1.37,2.71,1.13,0.11,3.91
Łukasz Fabiański\Lukasz-Fabianski,pl POL,GK,West Ham,35,1985,35,17.3,28.6,60.5,697.1,496.6,1.54,1.57,98.2,5.31,5.43,97.9,10.4,21.6,48.2,0,0,0,0,0.54,0,0,0
Fabinho\Fabinho,br BRA,DFMF,Liverpool,26,1993,28.5,65.5,71.9,91.1,1339.2,347.4,20.8,22.2,93.7,34.5,36.5,94.7,9.54,12.3,77.7,0,0.01,-0.01,0.11,3.86,0.56,0.04,3.58
Bruno Fernandes\Bruno-Fernandes,pt POR,MF,Manchester Utd,25,1994,34.4,49.5,66.4,74.6,946.1,271.5,23.6,27.5,85.7,17.1,21.4,79.8,7.82,13.7,57.2,0.35,0.32,0.03,2.73,5.15,2.79,0.23,6.6
Federico Fernández\Federico-Fernandez,ar ARG,DF,Newcastle Utd,31,1989,23.1,29,36.2,80.2,633.4,188.7,8.27,9.57,86.4,14.9,16.8,88.9,5.67,9.05,62.7,0,0.01,-0.01,0.22,0.82,0.13,0.09,0.82
Fernandinho\Fernandinho,br BRA,MF,Manchester City,35,1985,13.2,66.6,75.8,87.8,1277.1,347.2,28.2,30.8,91.4,29.2,32,91,8.86,12,73.6,0.15,0.07,0.08,0.91,10.3,1.29,0.15,7.35
Sam Field\Sam-Field,eng ENG,MF,West Brom,22,1998,0.7,21.4,32.9,65.2,318.6,58.6,14.3,20,71.4,5.71,7.14,80,1.43,4.29,33.3,0,0,0,0,1.43,0,0,2.86
Roberto Firmino\Roberto-Firmino,br BRA,FW,Liverpool,28,1991,31.5,33.1,41.5,79.7,498.6,125.2,18.8,22,85.5,11,13.7,80.5,2.03,2.89,70.3,0.22,0.2,0.02,1.46,2.7,1.37,0,4.25
John Fleck\John-Fleck,sco SCO,MF,Sheffield Utd,28,1991,28.6,33.1,42.4,78.1,547,173.4,17.3,19,91,11,13.4,82,3.64,7.9,46,0.07,0.09,-0.02,1.19,3.95,0.87,0.14,3.6
Phil Foden\Phil-Foden,eng ENG,FWMF,Manchester City,20,2000,18,38.2,46.6,82,580.7,123.2,22.3,24.6,90.7,12.4,14.8,83.9,2.33,4.83,48.3,0.28,0.23,0.05,1.89,2.22,1.33,0.11,3.33
Wesley Fofana\Wesley-Fofana,fr FRA,DF,Leicester City,19,2000,25.1,58.7,66.6,88.2,1237.3,331,18.2,19.8,91.6,30.1,32.5,92.5,10,13.3,75.7,0,0.01,-0.01,0.24,4.46,0.04,0,3.11
Pablo Fornals\Pablo-Fornals,es ESP,FWMF,West Ham,24,1996,28.6,29.8,38.5,77.3,492.1,143.4,15.9,18.3,87,10.6,13.5,78,2.73,4.69,58.2,0.14,0.09,0.05,1.05,2.52,1.12,0.17,3.78
Fraser Forster\Fraser-Forster,eng ENG,GK,Southampton,32,1988,8,19.3,34.3,56.2,566.5,372.5,4.75,4.75,100,6.88,7.38,93.2,6.88,21.1,32.5,0,0,0,0,0.13,0,0,0
Timothy Fosu-Mensah\Timothy-Fosu-Mensah,nl NED,DF,Manchester Utd,22,1998,0.9,72.2,83.3,86.7,1188.9,286.7,33.3,37.8,88.2,35.6,37.8,94.1,3.33,6.67,50,0,0.33,-0.33,2.22,4.44,1.11,1.11,1.11
Tyrese Francois\Tyrese-Francois,au AUS,DF,Fulham,20,2000,0.2,70,75,93.3,1055,440,40,45,88.9,30,30,100,0,0,,0,0,0,0,0,0,0,15
Ryan Fraser\Ryan-Fraser,sco SCO,FWMF,Newcastle Utd,26,1994,10.3,23.6,35.8,65.9,409.7,129.1,11.6,13.4,86.2,8.25,11.6,71.4,3.01,8.54,35.2,0.19,0.2,-0.01,2.43,0.68,0.97,0.87,1.65
Fred\Fred,br BRA,MF,Manchester Utd,27,1993,26.6,58.5,66.3,88.2,1162.1,284.2,21.4,23.5,91.2,26.6,28.8,92.5,9.4,11.5,81.7,0,0.09,-0.09,0.9,6.54,0.68,0,5.6
Ryan Fredericks\Ryan-Fredericks,eng ENG,DFFW,West Ham,27,1992,6.3,32.2,44.3,72.8,471.6,171.7,19,22.2,85.7,10.8,15.4,70.1,1.27,3.97,32,0.16,0.19,-0.03,2.06,1.43,2.06,1.11,2.38
Christian Fuchs\Christian-Fuchs,at AUT,DF,Leicester City,34,1986,7.8,61.3,75.5,81.2,1165.1,449.1,26.2,29.4,89.1,27.9,32.8,85.2,7.05,11.9,59.1,0,0,0,0.13,5.38,0.26,0.13,4.23
Darnell Furlong\Darnell-Furlong,eng ENG,DF,West Brom,24,1995,32.6,21.5,36.1,59.5,411,186,9.48,12.1,78,8.25,13.6,60.7,3.28,8.74,37.5,0.09,0.06,0.03,0.52,1.81,0.55,0.43,2.39
Conor Gallagher\Conor-Gallagher,eng ENG,MF,West Brom,20,2000,28.1,26.4,34,77.8,475.4,107.3,12,14.3,84.3,10.1,11.5,88.2,3.45,6.3,54.8,0.07,0.06,0.01,0.64,2.7,0.53,0.07,1.92
Eric García\Eric-Garcia,es ESP,DF,Manchester City,19,2001,4.3,74.9,80,93.6,1579.5,434.7,21.9,23,94.9,40.2,41.2,97.7,12.6,15.3,81.8,0,0.02,-0.02,0.47,6.74,0,0,3.72
Dwight Gayle\Dwight-Gayle,eng ENG,FWMF,Newcastle Utd,29,1990,5.7,16,20,79.8,213.3,27.4,10.7,12.1,88.4,4.21,5.26,80,0.53,1.58,33.3,0.18,0.09,0.09,1.05,0,0.35,0,0.53
Jean-Philippe Gbamin\Jean-Philippe-Gbamin,ci CIV,MF,Everton,24,1995,0.1,60,90,66.7,1220,360,30,40,75,20,30,66.7,10,10,100,0,0,0,0,10,0,0,10
David de Gea\David-de-Gea,es ESP,GK,Manchester Utd,29,1990,25.5,18,23.3,77.1,480.1,288.7,4.86,4.9,99.2,7.22,7.49,96.3,5.76,10.7,53.8,0,0,0,0,0.16,0,0,0
Anwar El Ghazi\Anwar-El-Ghazi,nl NED,FW,Aston Villa,25,1995,17.9,24.1,34.2,70.5,390.8,108.3,13.5,16.4,82.3,7.54,10.3,73.4,2.18,4.53,48.1,0,0.13,-0.13,1.34,1.51,1.01,0.56,2.18
Kieran Gibbs\Kieran-Gibbs,eng ENG,DF,West Brom,30,1989,9,24.8,34.3,72.2,436.6,159.6,11.4,12.9,88.8,10.8,14.7,73.5,2.33,6,38.9,0,0.03,-0.03,0.33,1.67,0.33,0.33,1.78
Morgan Gibbs-White\Morgan-Gibbs-White,eng ENG,FWMF,Wolves,20,2000,4.6,41.3,51.1,80.9,699.6,153,20.7,24.3,84.8,15,17.2,87.3,4.78,7.61,62.9,0,0.13,-0.13,1.96,3.48,0.65,0,4.78
Billy Gilmour\Billy-Gilmour,sco SCO,MF,Chelsea,19,2001,2.9,66.2,74.1,89.3,1291.7,183.1,26.2,27.6,95,30,33.4,89.7,9.66,12.4,77.8,0,0.03,-0.03,1.03,5.17,0.34,0,3.1
Olivier Giroud\Olivier-Giroud,fr FRA,FW,Chelsea,33,1986,8.3,19.4,26.1,74.2,241.2,30.2,13.4,17.5,76.6,3.49,4.94,70.7,0.96,0.96,100,0,0.08,-0.08,0.84,0.84,0.12,0,0.84
Ben Godfrey\Ben-Godfrey,eng ENG,DF,Everton,22,1998,29.8,37,43.7,84.6,728.5,192.3,12.7,14.4,88.3,19,20.8,91.1,4.63,6.91,67,0.07,0.02,0.05,0.07,1.95,0.17,0.07,1.71
André Gomes\Andre-Gomes,pt POR,MF,Everton,27,1993,17.4,43.1,51.8,83.2,853.2,202.5,17.8,20.3,87.5,17.8,20.3,87.3,6.9,9.77,70.6,0.06,0.06,0,0.86,4.71,0.75,0.11,4.6
Joe Gomez\Joe-Gomez,eng ENG,DF,Liverpool,23,1997,6.6,72.7,80.6,90.2,1725.8,463.8,15,16.1,93.4,42.1,44.8,93.9,15,18.6,80.5,0,0,0,0.15,4.55,0,0,5.76
Anthony Gordon\Anthony-Gordon,eng ENG,FWMF,Everton,19,2001,1,22,26,84.6,365,94,12,13,92.3,8,8,100,2,4,50,0,0,0,1,1,2,0,3
Karlan Grant\Karlan-Grant,eng ENG,FWMF,West Brom,22,1997,12.5,13.4,18.2,73.2,196.2,27.6,7.6,9.6,79.2,4.4,5.2,84.6,0.8,1.28,62.5,0,0,0,0,0.4,0.48,0,0.72
Demarai Gray\Demarai-Gray,eng ENG,FW,Leicester City,24,1996,0.2,35,55,63.6,580,55,20,20,100,10,10,100,5,10,50,0,0,0,0,5,0,0,0
Jack Grealish\Jack-Grealish,eng ENG,FWMF,Aston Villa,24,1995,24.3,35.6,45.3,78.5,605.8,208.3,18.1,21.2,85.2,12.6,14.9,84.8,3.74,6.3,59.5,0.41,0.35,0.06,3.42,3.46,2.96,0.16,6.91
Mason Greenwood\Mason-Greenwood,eng ENG,FW,Manchester Utd,18,2001,20.2,30.1,36.2,83.1,494.6,80.7,16.7,18.9,88.5,10.1,11.7,86.9,2.52,3.91,64.6,0.1,0.09,0.01,0.74,1.29,0.84,0.15,2.08
Pascal Groß\Pascal-Gross,de GER,MFDF,Brighton,29,1991,27.6,45.7,60.5,75.5,935.5,264.4,18.3,21.4,85.4,18.3,22,83.5,8.55,15.4,55.7,0.29,0.2,0.09,2.43,2.93,1.81,0.62,4.67
Kamil Grosicki\Kamil-Grosicki,pl POL,FWMF,West Brom,32,1988,1.6,20,30.6,65.3,332.5,106.9,8.13,10,81.3,9.38,12.5,75,1.25,6.25,20,0.63,0.06,0.56,1.88,2.5,0.63,0,3.13
Vicente Guaita\Vicente-Guaita,es ESP,GK,Crystal Palace,33,1987,37,16.2,29.2,55.4,612,438.8,2.24,2.27,98.8,5.11,5.27,96.9,8.7,21.5,40.4,0,0,0,0,0.19,0,0,0
İlkay Gündoğan\Ilkay-Gundogan,de GER,MF,Manchester City,29,1990,22.5,69,75.9,91,1166.2,218.8,34.9,37,94.5,26.8,28.8,93.1,6.13,8.04,76.2,0.09,0.2,-0.11,1.87,6.22,1.56,0.09,5.24
Antwoine Hackford\Antwoine-Hackford,eng ENG,DFFW,Sheffield Utd,16,2004,0.1,10,10,100,40,0,0,0,,0,0,,0,0,,0,0,0,0,0,0,0,0
Sébastien Haller\Sebastien-Haller,ci CIV,FW,West Ham,26,1994,10.4,16.4,24.2,67.9,264.3,50.5,9.52,13.2,72.3,4.52,6.25,72.3,1.63,2.69,60.7,0,0.12,-0.12,0.87,1.25,0.48,0.1,1.83
Rekeem Harper\Rekeem-Harper,eng ENG,MF,West Brom,20,2000,0.4,32.5,40,81.3,605,82.5,12.5,15,83.3,17.5,17.5,100,2.5,7.5,33.3,0,0,0,0,5,0,0,2.5
Jack Harrison\Jack-Harrison,eng ENG,MF,Leeds United,23,1996,31.6,24.9,36.8,67.8,426.2,143.6,12.6,16,78.9,9.53,12.6,75.6,2.37,5.89,40.3,0.25,0.22,0.03,1.84,1.17,2.06,0.63,3.51
Kortney Hause\Kortney-Hause,eng ENG,DF,Aston Villa,25,1995,7,24.1,30.9,78.2,564.3,178.9,5.57,6.71,83,13,14.7,88.3,5.29,8.86,59.7,0,0,0,0,1.57,0,0,1.43
Kai Havertz\Kai-Havertz,de GER,MFFW,Chelsea,21,1999,16.9,39,45.3,86.1,566.4,86.2,23.2,25.5,91,11.8,13.6,87,2.43,3.02,80.4,0.18,0.09,0.08,1.01,2.01,1.12,0.12,2.49
Isaac Hayden\Isaac-Hayden,eng ENG,MFDF,Newcastle Utd,25,1995,21.6,29.1,36.6,79.6,558.5,124.9,11.4,13.5,84.9,13.7,15.7,87,3.84,5.69,67.5,0,0.02,-0.02,0.23,2.22,0.14,0.05,1.9
Michael Hector\Michael-Hector,jm JAM,DF,Fulham,28,1992,2.9,47.9,60.3,79.4,1201.7,452.8,7.24,8.62,84,26.9,28.6,94,13.4,22.1,60.9,0,0,0,0.34,3.45,0.34,0,3.79
Ahmed Hegazi\Ahmed-Hegazi,eg EGY,DF,West Brom,29,1991,1,37,52,71.2,829,381,11,13,84.6,18,25,72,8,13,61.5,0,0,0,0,1,0,0,2
Dean Henderson\Dean-Henderson,eng ENG,GK,Manchester Utd,23,1997,12.5,18.9,25.1,75.2,481.7,270.1,4.8,4.8,100,9.12,9.12,100,4.96,11.1,44.6,0,0,0,0,0.32,0,0,0
Jordan Henderson\Jordan-Henderson,eng ENG,MFDF,Liverpool,30,1990,18.9,83.2,95.9,86.8,1735.9,456.3,27.3,29.7,92,41.3,43.7,94.5,13.8,20.7,66.5,0.05,0.07,-0.02,0.63,10.9,1.59,0.05,7.72
Jeff Hendrick\Jeff-Hendrick,ie IRL,MF,Newcastle Utd,28,1992,15.8,27.2,33.7,80.5,476.7,112,12.3,14.6,84,11,12.3,89.7,3.1,4.62,67.1,0.06,0.04,0.02,0.25,1.71,0.32,0.06,2.22
Pablo Hernández\Pablo-Hernandez,es ESP,MF,Leeds United,35,1985,4.7,61.7,83.2,74.2,1202.3,414.3,25.5,31.1,82.2,24.9,30.9,80.7,10,16.2,61.8,0.43,0.15,0.28,1.28,10.2,2.77,0.21,13.4
Son Heung-min\Son-Heung-min,kr KOR,FW,Tottenham,28,1992,34.6,26.6,34.7,76.7,422.1,93.8,14.9,17.2,86.7,7.89,9.94,79.4,2.54,5.46,46.6,0.29,0.26,0.03,2.23,0.92,0.84,0.06,1.85
Ki-Jana Hoever\Ki-Jana-Hoever,nl NED,DF,Wolves,18,2002,6.4,40.6,54.7,74.3,701.4,246.3,20,23.3,85.9,17,23,74.1,3.13,5.63,55.6,0,0.03,-0.03,0.47,2.19,0.47,0.16,2.19
Rob Holding\Rob-Holding,eng ENG,DF,Arsenal,24,1995,28.4,55.6,62.3,89.3,1250.6,347.7,13.8,14.5,95.4,30.3,32.4,93.7,11.2,14.9,75.4,0.04,0.01,0.03,0.14,4.23,0.21,0,3.56
Mason Holgate\Mason-Holgate,eng ENG,DF,Everton,23,1996,25.4,37.2,47.2,78.8,862.7,299.8,9.69,11.1,87.2,19.1,22.2,86,8.27,13.2,62.7,0,0.02,-0.02,0.35,2.32,0.47,0.16,2.64
Conor Hourihane\Conor-Hourihane,ie IRL,MF,Aston Villa,29,1991,2.5,46.4,62,74.8,1001.2,222.8,12.4,14,88.6,20.8,25.6,81.3,10.8,18.4,58.7,0.4,0.32,0.08,1.6,7.2,0.8,0.4,3.6
Callum Hudson-Odoi\Callum-Hudson-Odoi,eng ENG,FWDF,Chelsea,19,2000,11.8,45.9,55.8,82.2,767.4,182.2,25.9,29.1,89.2,14.4,17.1,84.2,4.92,7.8,63,0.25,0.26,-0.01,2.63,2.03,3.22,0.93,4.66
Niall Huggins\Niall-Huggins,wal WAL,DF,Leeds United,19,2000,0.4,42.5,57.5,73.9,600,142.5,27.5,35,78.6,15,15,100,0,7.5,0,0,0,0,0,2.5,0,0,0
Pierre Højbjerg\Pierre-Hojbjerg,dk DEN,MF,Tottenham,24,1995,38,62.9,70.7,88.9,1191.2,321.6,25.4,27.7,91.6,28.6,31.3,91.3,8.13,10.5,77.3,0.11,0.05,0.06,0.45,6.18,0.53,0.11,5.08
Odion Ighalo\Odion-Ighalo,ng NGA,FW,Manchester Utd,31,1989,0.1,10,10,100,70,0,10,10,100,0,0,,0,0,,0,0,0,0,0,0,0,0
Kelechi Iheanacho\Kelechi-Iheanacho,ng NGA,FW,Leicester City,23,1996,16.2,24.7,30.9,79.8,360.4,57,15.3,17.5,87.6,6.98,8.4,83.1,1.79,3.02,59.2,0.12,0.18,-0.06,1.54,1.3,1.36,0.31,1.79
Danny Ings\Danny-Ings,eng ENG,FW,Southampton,28,1992,24.1,14.3,21.5,66.3,215.6,59.6,8.38,10.8,77.4,4.27,6.31,67.8,1.12,2.61,42.9,0.17,0.11,0.06,0.91,1.2,0.79,0.25,2.03
Branislav Ivanović\Branislav-Ivanovic,rs SRB,DF,West Brom,36,1984,8.5,31.2,36.6,85.2,701.9,167.8,7.76,8.71,89.2,17.3,19.2,90.2,6.12,8.35,73.2,0,0.01,-0.01,0.12,1.29,0.35,0,1.18
Alex Iwobi\Alex-Iwobi,ng NGA,FWDF,Everton,24,1996,17.1,31,40.2,77,579.6,171.8,12.5,14.2,88,13.7,17,80.4,4.04,6.61,61.1,0.12,0.11,0.01,0.94,2.05,1.52,0.53,4.27
José Izquierdo\Jose-Izquierdo,co COL,DFMF,Brighton,28,1992,0.1,80,90,88.9,1270,130,40,40,100,40,50,80,0,0,,0,0,0,0,0,0,0,0
Phil Jagielka\Phil-Jagielka,eng ENG,DF,Sheffield Utd,37,1982,5.8,24.5,32.1,76.3,632.4,173.6,5.86,6.72,87.2,9.83,12.2,80.3,8.45,12.2,69,0,0,0,0,0.69,0,0,0.86
Alireza Jahanbakhsh\Alireza-Jahanbakhsh,ir IRN,FWMF,Brighton,26,1993,5.9,33.2,44.9,74,560.7,131.9,14.7,18.3,80.6,13.9,16.9,82,3.22,6.27,51.4,0.17,0.54,-0.37,1.86,0.68,3.22,0.85,3.56
Daniel James\Daniel-James,wal WAL,FW,Manchester Utd,22,1997,10.1,23.5,30.1,78,322.5,74.7,15,17.4,85.8,6.73,8.71,77.3,0.69,1.09,63.6,0.1,0.12,-0.02,0.99,0.59,1.19,0.3,2.48
Reece James\Reece-James,eng ENG,DF,Chelsea,20,1999,26.4,63.9,75.3,85,1190.8,305.6,28,30.3,92.4,27.7,31,89.5,7.65,11.9,64.1,0.08,0.11,-0.04,1.52,3.07,1.7,0.91,4.2
Alexandre Jankewitz\Alexandre-Jankewitz,ch SUI,MF,Southampton,18,2001,0,2,3,66.7,31,25,1,1,100,1,1,100,0,0,,0,0,0,0,0,1,0,1
Daniel Jebbison\Daniel-Jebbison,eng ENG,FW,Sheffield Utd,17,2003,3.2,7.5,10.6,70.6,96.3,11.9,5,6.56,76.2,1.88,2.81,66.7,0.31,0.63,50,0,0,0,0.31,0.63,0,0,0.31
Gabriel Jesus\Gabriel-Jesus,br BRA,FW,Manchester City,23,1997,22.9,27.9,32.9,84.6,381.7,46.1,17.2,19.4,88.7,7.34,8.56,85.7,1.4,1.92,72.7,0.17,0.15,0.03,1.22,1,0.61,0.04,1.35
Raúl Jiménez\Raul-Jimenez,mx MEX,FW,Wolves,29,1991,9.1,22.7,28.9,78.7,356.2,61.6,13.8,16.5,84,5.71,7.03,81.3,2.42,3.52,68.8,0,0.09,-0.09,0.88,1.76,0.99,0,2.09
Joelinton\Joelinton,br BRA,FWMF,Newcastle Utd,23,1996,22,19.8,26.8,73.9,281.4,54.1,12.3,14.8,83.1,5.91,8,73.9,0.95,1.59,60,0.09,0.1,0,0.77,0.77,0.41,0.09,1.18
Ben Johnson\Ben-Johnson,eng ENG,DF,West Ham,20,2000,5.8,26.6,37.8,70.3,457.8,185.3,14.8,16.2,91.5,7.93,11.4,69.7,2.93,6.9,42.5,0,0.03,-0.03,0.69,2.07,0.52,0.52,2.59
Sam Johnstone\Sam-Johnstone,eng ENG,GK,West Brom,27,1993,37,17.3,34.6,49.9,729.4,507.4,1.27,1.27,100,4.95,5.22,94.8,11,28.1,39.3,0.03,0.01,0.02,0.03,0.7,0,0,0
Curtis Jones\Curtis-Jones,eng ENG,MF,Liverpool,19,2001,13.1,67.9,74.5,91.2,1146,244.4,33.1,35.5,93.1,27,28.5,94.7,6.56,8.02,81.9,0.15,0.12,0.03,0.99,7.4,1.68,0.15,5.04
Jorginho\Jorginho,it ITA,MF,Chelsea,28,1991,22.3,69.8,78,89.5,1253.1,292.6,31.7,33.9,93.5,30,32.8,91.4,7.17,9.78,73.4,0.04,0.09,-0.05,1.08,6.28,0.9,0.04,5.16
Willian José\Willian-Jose,br BRA,FW,Wolves,28,1991,12.3,20.2,24.9,81.4,358.2,46.3,9.84,11.4,86.4,6.99,8.21,85.1,2.6,3.17,82.1,0,0.05,-0.05,0.89,1.14,0.24,0,0.98
Diogo Jota\Diogo-Jota,pt POR,FW,Liverpool,23,1996,12.4,26.4,36.4,72.5,433.6,99,14.5,17.7,81.8,9.03,12.2,74.2,2.42,3.95,61.2,0,0.13,-0.13,0.97,2.66,1.13,0,3.71
James Justin\James-Justin,eng ENG,DF,Leicester City,22,1998,23,43,54.3,79.2,719.1,240,21.6,24.2,89,18,21.6,83.1,2.96,6.09,48.6,0.04,0.07,-0.03,0.78,2.43,1.43,0.3,4
Ozan Kabak\Ozan-Kabak,tr TUR,DF,Liverpool,20,2000,8.9,56.4,62.2,90.6,1164.6,301.5,18.8,20.1,93.3,29,29.9,97,8.54,12.1,70.4,0,0.02,-0.02,0.11,1.8,0,0,1.69
Aboubakar Kamara\Aboubakar-Kamara,mr MTN,FWDF,Fulham,25,1995,3.5,26.3,36.6,71.9,429.7,116.9,13.1,16.3,80.7,10,11.7,85.4,2,6,33.3,0,0.11,-0.11,1.71,1.14,1.14,0.29,3.14
Harry Kane\Harry-Kane,eng ENG,FW,Tottenham,27,1993,34.2,19.2,27.4,70.1,366.1,112.2,8.77,11.3,77.9,6.9,9.24,74.7,2.98,4.97,60,0.41,0.22,0.19,1.4,2.89,1.2,0.2,3.65
N'Golo Kanté\NGolo-Kante,fr FRA,MF,Chelsea,29,1991,23.8,54.7,63.2,86.6,1002.9,221.2,22.6,25.4,88.9,25.6,28.1,91,5.59,7.56,73.9,0.08,0.05,0.04,0.88,4.16,0.5,0.04,4.24
Moise Kean\Moise-Kean,it ITA,FW,Everton,20,2000,0.2,35,45,77.8,620,0,10,15,66.7,20,20,100,5,5,100,0,0,0,0,0,0,0,0
Michael Keane\Michael-Keane,eng ENG,DF,Everton,27,1993,33.2,49.1,55.3,88.9,1115.4,354.7,10.7,11.8,90.8,28.3,29.8,94.9,9.25,12.5,74.2,0.03,0.03,0,0.24,3.13,0.18,0,2.62
Neeskens Kebano\Neeskens-Kebano,cd COD,FWMF,Fulham,28,1992,1.3,25.4,32.3,78.6,314.6,76.2,19.2,19.2,100,4.62,8.46,54.5,0.77,2.31,33.3,0,0,0,0,0.77,0,0,1.54
Naby Keïta\Naby-Keita,gn GUI,MF,Liverpool,25,1995,5.8,53.6,61.4,87.4,918.6,205.2,24.7,28.6,86.1,22.9,24.3,94.3,4.66,6.03,77.1,0,0.14,-0.14,1.03,5.34,1.72,0.17,5.52
Caoimhín Kelleher\Caoimhin-Kelleher,ie IRL,GK,Liverpool,21,1998,2,25.5,31,82.3,729.5,366,3,3,100,13,13,100,9.5,15,63.3,0,0,0,0,0,0,0,0
Martin Kelly\Martin-Kelly,eng ENG,DF,Crystal Palace,30,1990,0,2,2,100,28,5,2,2,100,0,0,,0,0,,0,0,0,0,0,0,0,0
Jonjoe Kenny\Jonjoe-Kenny,eng ENG,DF,Everton,23,1997,0.9,52.2,67.8,77,870,245.6,31.1,32.2,96.6,14.4,22.2,65,6.67,8.89,75,0,0,0,0,3.33,1.11,0,4.44
Reda Khadra\Reda-Khadra,de GER,FW,Brighton,19,2001,0.1,0,10,0,0,0,0,10,0,0,0,,0,0,,0,0,0,0,0,0,0,0
Max Kilman\Max-Kilman,eng ENG,DF,Wolves,23,1997,14.6,44.4,50.1,88.6,841.4,285.8,16.8,17.7,95,23.1,24.7,93.4,4.25,7.12,59.6,0.07,0.03,0.03,0.27,3.56,0.14,0,2.74
Joshua King\Joshua-King,no NOR,MFFW,Everton,28,1992,1.6,21.3,30,70.8,350.6,67.5,10,14.4,69.6,9.38,11.3,83.3,1.88,2.5,75,0,0,0,0,0,0.63,0,2.5
Mateusz Klich\Mateusz-Klich,pl POL,MF,Leeds United,30,1990,26.6,44.5,56.2,79.3,766.7,198.7,21.8,25,87.1,16.1,19.4,82.6,5.11,8.31,61.5,0.19,0.15,0.04,1.73,3.95,1.54,0.23,5.26
Robin Koch\Robin-Koch,de GER,DFMF,Leeds United,24,1996,12.6,51.4,60.1,85.6,1097.2,326.9,11.2,13.4,83.4,32.3,34,94.9,7.3,11.6,63,0,0.02,-0.02,0.32,2.86,0.24,0,3.49
Sead Kolašinac\Sead-Kolasinac,ba BIH,DF,Arsenal,27,1993,1,54,64,84.4,801,177,30,35,85.7,22,24,91.7,1,3,33.3,0,0,0,0,3,1,0,4
Terence Kongolo\Terence-Kongolo,nl NED,DF,Fulham,26,1994,1,37,39,94.9,723,293,12,13,92.3,22,23,95.7,3,3,100,0,0,0,1,3,1,1,3
Ezri Konsa\Ezri-Konsa,eng ENG,DF,Aston Villa,22,1997,35.5,30.3,35,86.5,684.9,168.4,7.04,8,88,17.3,18.5,93.5,5.69,7.89,72.1,0,0.01,-0.01,0.03,1.07,0.06,0,1.01
Cheikhou Kouyaté\Cheikhou-Kouyate,sn SEN,DF,Crystal Palace,30,1989,34.7,27.6,35,78.8,567.3,181.3,9.54,11.2,85.1,12.5,14.3,87.1,5.07,8.5,59.7,0,0.01,-0.01,0.17,1.12,0.09,0.03,0.95
Mateo Kovačić\Mateo-Kovacic,hr CRO,MF,Chelsea,26,1994,20.2,78.2,86,91,1528.8,367.2,30.6,32.9,93.1,35.9,38.3,93.8,10.7,13.2,81.2,0.05,0.09,-0.04,1.14,8.12,1.19,0,8.17
Emil Krafth\Emil-Krafth,se SWE,DF,Newcastle Utd,25,1994,14.3,28.3,39,72.5,501.8,226.6,12.9,15.5,83.3,11.4,15.2,75.1,3.29,6.29,52.2,0,0.03,-0.03,0.42,1.61,0.21,0.21,1.33
Filip Krovinović\Filip-Krovinovic,hr CRO,MF,West Brom,24,1995,6.1,50.5,59.8,84.4,875.1,247.7,23,25.6,89.7,20.8,24.1,86.4,5.08,7.21,70.5,0,0.05,-0.05,0.82,6.07,1.15,0,6.56
Alexandre Lacazette\Alexandre-Lacazette,fr FRA,FW,Arsenal,29,1991,21.4,19.2,24.5,78.2,283.5,58.3,10.5,13.2,79.5,6.31,7.38,85.4,1.26,2.06,61.4,0.09,0.13,-0.03,0.84,1.12,0.98,0,2.15
Adam Lallana\Adam-Lallana,eng ENG,MFFW,Brighton,32,1988,17.7,44.8,52.9,84.7,700.4,168,23.3,26,89.8,16.6,19.2,86.7,3.16,4.69,67.5,0.06,0.16,-0.1,1.53,3.28,1.58,0.17,4.69
Érik Lamela\Erik-Lamela,ar ARG,FWMF,Tottenham,28,1992,8,36.1,46,78.5,611.1,127.8,19,22,86.4,12.3,14.6,83.8,4.25,6.75,63,0,0.11,-0.11,1,2.75,1.25,0,3.63
Tariq Lamptey\Tariq-Lamptey,eng ENG,DF,Brighton,19,2000,9.8,39.8,51,78,647.6,174.6,21.3,23.9,89.3,14.4,19.2,75,3.27,5.71,57.1,0.1,0.11,-0.01,1.12,1.22,1.22,0.71,2.76
Manuel Lanzini\Manuel-Lanzini,ar ARG,MFFW,West Ham,27,1993,6.3,51.9,58.4,88.9,839.8,208.1,27.9,30.3,92.1,19.4,21.1,91.7,3.33,4.92,67.7,0.16,0.14,0.02,1.75,3.97,0.63,0,3.17
Aymeric Laporte\Aymeric-Laporte,fr FRA,DF,Manchester City,26,1994,14.9,77.9,84.6,92,1620.6,467.3,23.7,25,94.9,41.9,43.7,95.9,12,15,79.9,0,0.05,-0.05,0.27,7.25,0.34,0,4.83
Jamaal Lascelles\Jamaal-Lascelles,eng ENG,DF,Newcastle Utd,26,1993,18.1,26.9,33.1,81.3,586.6,184.1,7.18,8.07,89,15.1,16.6,91.3,4.36,7.79,56,0,0,0,0.06,1.66,0.28,0,1.77
Maxime Le Marchand\Maxime-Le-Marchand,fr FRA,DF,Fulham,30,1989,1.4,55.7,58.6,95.1,1315,458.6,12.9,12.9,100,30.7,32.1,95.6,11.4,12.9,88.9,0,0,0,0,2.14,0.71,0,4.29
Mario Lemina\Mario-Lemina,ga GAB,MF,Fulham,26,1993,18.9,38.8,45.5,85.3,797.8,196.3,12.9,14.7,87.8,18.9,21.1,89.7,6.14,8.62,71.2,0,0.04,-0.04,0.53,3.17,0.79,0.05,2.96
Bernd Leno\Bernd-Leno,de GER,GK,Arsenal,28,1992,34.8,26.5,33.2,79.8,632.3,320.5,7.61,7.61,100,13.1,13.2,99.3,5.63,12.2,46,0,0,0,0,0.14,0,0,0.06
Khanya Leshabela\Khanya-Leshabela,za RSA,MF,Leicester City,20,1999,0.1,70,90,77.8,980,380,40,50,80,10,10,100,10,10,100,0,0,0,0,10,0,0,10
Jamal Lewis\Jamal-Lewis,nir NIR,DF,Newcastle Utd,22,1998,20.4,31.1,40.8,76.2,542.6,222.8,15,17.1,88,12,14.9,80.5,3.43,6.81,50.4,0.05,0.08,-0.03,0.74,1.67,0.78,0.49,1.52
Victor Lindelöf\Victor-Lindelof,se SWE,DF,Manchester Utd,26,1994,28.7,57.1,62.7,91.1,1130.7,368.3,18.8,19.9,94.4,31.2,32.5,95.9,6.66,9.2,72.3,0.03,0.02,0.01,0.21,3.45,0.21,0,3.21
Jesse Lingard\Jesse-Lingard,eng ENG,MFFW,West Ham,27,1992,15.8,34.4,42.3,81.3,544.2,144.9,19.2,21.7,88.3,10.8,12.7,85.1,3.04,5.25,57.8,0.25,0.09,0.16,1.08,3.67,1.65,0.25,4.11
Jake Livermore\Jake-Livermore,eng ENG,MF,West Brom,30,1989,13.8,20.5,27.6,74.3,361,83.2,9.06,11,82.2,7.97,10.6,75.3,2.68,4.57,58.7,0,0.01,-0.01,0.36,2.1,0.14,0.07,1.81
Diego Llorente\Diego-Llorente,es ESP,DF,Leeds United,26,1993,13.4,42.4,49.6,85.4,973.9,236.9,7.01,8.06,87,27.6,30.2,91.4,7.39,10.1,72.8,0,0.04,-0.04,0.3,2.09,0.07,0,1.72
Hugo Lloris\Hugo-Lloris,fr FRA,GK,Tottenham,33,1986,38,20.1,28.1,71.5,575.4,366.3,5.32,5.34,99.5,7.29,7.42,98.2,7.29,15.1,48.2,0,0,0,0,0.16,0,0,0
Giovani Lo Celso\Giovani-Lo-Celso,ar ARG,MF,Tottenham,24,1996,10.5,44.3,56.1,78.9,796.8,210.1,21.2,23.9,88.8,16.2,19.6,82.5,5.9,9.62,61.4,0.1,0.12,-0.03,1.33,4.19,1.05,0,5.52
Ruben Loftus-Cheek\Ruben-Loftus-Cheek,eng ENG,MFFW,Fulham,24,1996,21.2,28.1,33.8,83.1,455.2,103,13.8,16.1,85.9,11.5,13,88.4,1.98,2.78,71.2,0,0.07,-0.07,0.71,2.92,0.57,0.09,3.35
Ruben Loftus-Cheek\Ruben-Loftus-Cheek,eng ENG,FW,Chelsea,24,1996,0.7,15.7,22.9,68.8,237.1,31.4,8.57,8.57,100,5.71,7.14,80,1.43,4.29,33.3,0,0,0,0,1.43,0,0,1.43
Kevin Long\Kevin-Long,ie IRL,DF,Burnley,29,1990,7.1,25.5,35.9,71,609,195.4,5.77,7.04,82,12.8,16.3,78.4,6.48,11.3,57.5,0,0,0,0,1.27,0.28,0,2.11
Shane Long\Shane-Long,ie IRL,FWMF,Southampton,33,1987,2.3,16.5,25.7,64.4,214.8,73,11.7,14.8,79.4,3.48,6.96,50,0.87,0.87,100,0,0,0,0,1.3,0,0,1.74
Matthew Longstaff\Matthew-Longstaff,eng ENG,MF,Newcastle Utd,20,2000,4.2,27.9,35.2,79.1,505,81.2,12.6,15.2,82.8,10.5,11.9,88,4.52,7.14,63.3,0,0.02,-0.02,0.48,0.95,0.24,0.24,0.71
Sean Longstaff\Sean-Longstaff,eng ENG,MF,Newcastle Utd,22,1997,15.7,28.7,36.4,79,602.8,138.7,11,12.5,88.3,11.2,12.7,88,5.67,9.36,60.5,0.06,0.07,-0.01,0.7,2.61,0.13,0.06,2.55
Ademola Lookman\Ademola-Lookman,eng ENG,FWMF,Fulham,22,1997,30.5,28.9,38.3,75.3,491,141.3,13.7,16.1,85.3,11.5,14,82.4,2.82,5.84,48.3,0.13,0.17,-0.04,1.97,1.51,1.38,0.16,3.44
Max Lowe\Max-Lowe,eng ENG,DF,Sheffield Utd,23,1997,6.1,23.8,36.6,65,386.9,126.6,13,16.2,79.8,8.2,12.3,66.7,2.13,5.57,38.2,0,0.03,-0.03,0.49,2.3,0.82,0.16,2.62
Matthew Lowton\Matthew-Lowton,eng ENG,DF,Burnley,31,1989,34,30.3,44.1,68.8,596.4,269.9,14.1,15.6,90.5,10.5,14.6,71.9,5.32,12.6,42.1,0.03,0.07,-0.04,0.71,3.53,1.26,0.29,3.85
David Luiz\David-Luiz,br BRA,DF,Arsenal,33,1987,15.5,52.1,62.3,83.6,1208.8,339.7,11.4,12.5,91.2,28.5,30.6,93.2,11.8,18,65.6,0,0.03,-0.03,0.13,4.26,0.52,0,3.94
Douglas Luiz\Douglas-Luiz,br BRA,MF,Aston Villa,22,1998,30.9,39.3,46.3,84.8,814.1,183.5,13.8,15.3,90.3,17.3,19.3,89.9,7.31,9.77,74.8,0.06,0.05,0.02,0.61,4.11,0.49,0.1,3.43
John Lundstram\John-Lundstram,eng ENG,MF,Sheffield Utd,26,1994,22.6,37.3,46.1,81,669.8,148.5,17.3,18.7,92.7,14.8,16.8,88.2,4.2,8.45,49.7,0.09,0.05,0.04,0.84,2.61,0.53,0.09,2.61
Alexis Mac Allister\Alexis-Mac-Allister,ar ARG,MFFW,Brighton,21,1998,12.4,26,32.8,79.4,446.9,104.7,12.3,14.7,84.1,9.92,11.9,83.1,2.82,3.87,72.9,0.08,0.19,-0.11,1.21,1.94,1.37,0,2.9
James Maddison\James-Maddison,eng ENG,MFFW,Leicester City,23,1996,23.3,37,47.9,77.3,649.2,177.9,18.5,21,88.2,13,15.6,83.5,4.59,8.8,52.2,0.21,0.23,-0.01,2.23,3.69,1.5,0.21,4.33
Harry Maguire\Harry-Maguire,eng ENG,DF,Manchester Utd,27,1993,33.9,56.2,63.1,89,1258,364.4,14.3,15.7,91,30.2,32.4,93.3,11.3,14.2,79.1,0.03,0.01,0.02,0.21,5.72,0.24,0.03,3.07
Riyad Mahrez\Riyad-Mahrez,dz ALG,FW,Manchester City,29,1991,21.7,42.1,50,84.2,688.9,144.5,22.6,24.7,91.8,15.6,18,86.9,3.13,5.21,60.2,0.28,0.27,0,1.89,1.61,2.4,0.28,4.06
Ainsley Maitland-Niles\Ainsley-Maitland-Niles,eng ENG,MF,West Brom,22,1997,13.7,22.4,29.3,76.4,335.7,95,12.4,15,82.5,6.64,8.69,76.5,1.97,2.99,65.9,0,0.05,-0.05,0.36,1.31,0.58,0.07,2.48
Ainsley Maitland-Niles\Ainsley-Maitland-Niles,eng ENG,DF,Arsenal,22,1997,5.4,41.9,53.3,78.5,746.9,204.1,20.2,23.3,86.5,17.2,20,86.1,4.07,7.78,52.4,0,0.04,-0.04,0.56,2.78,0.56,0.19,2.59
Josh Maja\Josh-Maja,ng NGA,FWMF,Fulham,21,1998,9,17.4,19.9,87.7,279,22,9.33,10.3,90.3,5.89,6.22,94.6,1.56,1.67,93.3,0,0.12,-0.12,0.89,0.44,0.44,0,0.78
Sadio Mané\Sadio-Mane,sn SEN,FW,Liverpool,28,1992,31.2,25.7,34.1,75.4,433.4,92.2,13,16.1,80.7,9.2,11.6,79.5,2.82,3.97,71,0.22,0.18,0.04,1.83,1.19,2.15,0.32,3.37
Javier Manquillo\Javier-Manquillo,es ESP,DF,Newcastle Utd,26,1994,9.2,32.2,43.5,74,511.5,220.3,18.7,20.3,92,10,14.5,69.2,2.72,6.09,44.6,0,0.02,-0.02,0.43,1.63,0.43,0.22,2.28
Fernando Marçal\Fernando-Marcal,br BRA,DF,Wolves,31,1989,6.9,44.3,53.6,82.7,789.1,294.5,22.8,24.3,93.5,16.5,19.7,83.8,4.93,8.12,60.7,0,0.03,-0.03,0.58,2.17,0.29,0.14,3.48
Solly March\Solly-March,eng ENG,DF,Brighton,26,1994,18.6,36.6,52.4,69.8,690.7,232.7,17.2,20.1,85.3,14,18.8,74.6,5.05,11,45.9,0.05,0.09,-0.04,1.45,2.1,1.83,0.7,4.14
Pablo Marí\Pablo-Mari,es ESP,DF,Arsenal,26,1993,10,53.7,59.2,90.7,1097.7,275.3,16.2,17,95.3,29.4,30.1,97.7,7.6,11.3,67.3,0,0,0,0,2,0,0,1.9
Anthony Martial\Anthony-Martial,fr FRA,FW,Manchester Utd,24,1995,16.4,24.6,29.8,82.8,344.7,69.6,15.1,17.1,88.6,7.32,8.78,83.3,0.98,1.22,80,0.18,0.12,0.06,0.91,1.59,0.91,0,2.62
Martinelli\Martinelli,br BRA,FW,Arsenal,19,2001,6.5,19.4,24.5,79.2,286.6,64.8,11.4,13.5,84.1,7.08,8.62,82.1,0.62,1.23,50,0.15,0.32,-0.17,1.38,0.31,1.08,0.46,1.23
Emiliano Martínez\Emiliano-Martinez,ar ARG,GK,Aston Villa,27,1992,38,22.3,34.1,65.6,763.1,496.7,2.76,2.76,100,10.2,10.2,99.7,9.32,21,44.4,0,0.01,-0.01,0.05,0.71,0.03,0,0
Arthur Masuaku\Arthur-Masuaku,cd COD,DFFW,West Ham,26,1993,11.2,39.5,49.3,80.1,670.8,227.8,21.9,24.3,90.1,13.5,17,79.5,3.66,5.89,62.1,0.18,0.17,0.01,1.16,2.23,1.43,0.89,3.48
Juan Mata\Juan-Mata,es ESP,FWMF,Manchester Utd,32,1988,5.7,43.3,51.6,84,668.9,145.1,25.8,27.9,92.5,12.8,15.3,83.9,3.86,5.96,64.7,0.35,0.14,0.21,1.4,3.16,0.7,0.18,3.33
Jean-Philippe Mateta\Jean-Philippe-Mateta,fr FRA,FW,Crystal Palace,23,1997,2.5,12.4,20.4,60.8,133.6,26.8,10,12,83.3,1.6,6,26.7,0,0,,0,0,0,0.4,0.4,0,0,1.2
Nemanja Matić\Nemanja-Matic,rs SRB,MF,Manchester Utd,31,1988,12.3,71.7,79.3,90.5,1370.2,355,28.1,30.2,93.3,34,36.6,92.9,8.86,11,80.7,0,0.03,-0.03,0.57,6.75,0.81,0.24,6.42
Joël Matip\Joel-Matip,cm CMR,DF,Liverpool,28,1991,7.7,60.5,68.4,88.4,1305.5,335.6,16.5,17.7,93.4,33.2,35.2,94.5,10.4,14.8,70.2,0.26,0.13,0.13,0.26,3.9,0.13,0,1.95
Neal Maupay\Neal-Maupay,fr FRA,FWMF,Brighton,23,1996,27.9,18.2,23.5,77.4,283.3,48.9,9.14,11.1,82.3,6.67,7.96,83.8,1.33,2.15,61.7,0.07,0.13,-0.06,1.11,1.15,1,0.14,1.47
James McArthur\James-McArthur,sco SCO,MF,Crystal Palace,32,1987,16.3,38.5,47.2,81.5,729.9,210.1,14.7,16.9,87,17.7,20.1,88.1,5.09,7.85,64.8,0.12,0.06,0.07,0.8,3.87,0.37,0,3.68
Oliver McBurnie\Oliver-McBurnie,sco SCO,FW,Sheffield Utd,24,1996,14.7,18.2,29,62.9,251,71.5,11.4,16.7,67.9,5.58,9.05,61.7,0.48,0.75,63.6,0,0.07,-0.07,0.95,1.43,1.09,0,2.93
Alex McCarthy\Alex-McCarthy,eng ENG,GK,Southampton,30,1989,30,22.9,35.6,64.3,612.1,381,6.03,6.07,99.5,9.47,9.57,99,6.97,19.5,35.7,0,0,0,0,0.23,0.07,0,0
James McCarthy\James-McCarthy,ie IRL,MF,Crystal Palace,29,1990,9.1,27.9,36.2,77.2,587.1,143.5,9.23,11,84,12.7,15.1,84.7,5.38,8.68,62,0,0.03,-0.03,0.66,2.86,0.44,0.33,2.64
John McGinn\John-McGinn,sco SCO,MF,Aston Villa,25,1994,37,29.2,37.8,77.3,641.4,208.3,9.73,11.3,86.1,12.6,15.4,81.9,6.14,9.43,65,0.14,0.08,0.05,1.08,4.84,1.19,0.16,4.84
David McGoldrick\David-McGoldrick,ie IRL,FWMF,Sheffield Utd,32,1987,26.6,26.3,35.3,74.5,435,76.2,13.9,17.4,80.1,9.59,12.6,75.9,2.33,3.57,65.3,0.04,0.05,-0.01,0.56,1.8,0.9,0.11,2.56
Dwight McNeil\Dwight-McNeil,eng ENG,MF,Burnley,20,1999,34.1,27,39.2,68.9,541.2,162.5,11.6,13.3,87.4,9.85,12.6,78.3,4.96,10.8,45.8,0.15,0.19,-0.04,1.47,2.17,1.2,0.7,2.26
Scott McTominay\Scott-McTominay,sco SCO,MF,Manchester Utd,23,1996,23.7,46.8,53.6,87.3,916.8,241,18,19.7,91.6,21.6,23.9,90.1,6.54,8.65,75.6,0.04,0.04,0,0.59,4.6,0.38,0.04,4.39
Ben Mee\Ben-Mee,eng ENG,DF,Burnley,30,1989,29.9,26.2,34.9,75.1,612.3,233.5,7.76,9.03,85.9,11.4,13.4,85,6.66,11.7,57,0,0.01,-0.01,0.2,1.71,0.03,0,2.14
Hannibal Mejbri\Hannibal-Mejbri,fr FRA,MF,Manchester Utd,17,2003,0.1,30,30,100,580,250,20,20,100,0,0,,10,10,100,0,0,0,0,10,0,0,10
Benjamin Mendy\Benjamin-Mendy,fr FRA,DF,Manchester City,26,1994,10.6,50.2,61.4,81.7,920.3,245.4,19.3,22,88,25.4,29,87.6,5.09,8.49,60,0.09,0.04,0.06,0.47,2.64,0.94,0.28,4.62
Edouard Mendy\Edouard-Mendy,sn SEN,GK,Chelsea,28,1992,30.5,27.9,33,84.6,682.1,338,6.82,6.89,99,13.8,13.9,99.3,7.08,12,59,0,0,0,0,0.13,0,0,0
Nampalys Mendy\Nampalys-Mendy,sn SEN,MF,Leicester City,28,1992,16.2,54.4,59.6,91.4,941.9,188.8,24.9,26.8,93.1,23.6,25.2,93.4,5,6.23,80.2,0.06,0.02,0.04,0.37,4.81,0,0,3.02
Illan Meslier\Illan-Meslier,fr FRA,GK,Leeds United,20,2000,35,31.1,38.5,80.9,799.8,377.9,7.03,7.09,99.2,14.9,15.1,98.7,9.11,16.2,56.2,0,0,0,0.03,0.06,0,0,0
Luka Milivojević\Luka-Milivojevic,rs SRB,MF,Crystal Palace,29,1991,26.2,39.3,48.4,81.1,792.3,254,14.4,16.2,88.7,17.6,20.5,85.7,6.6,9.92,66.5,0.04,0.05,-0.01,0.76,3.97,0.5,0.08,4.12
James Milner\James-Milner,eng ENG,MFDF,Liverpool,34,1986,11.9,65.1,76.7,84.9,1231.3,356.4,27.8,30.2,92.2,27.8,31,89.7,8.82,12.3,71.9,0.08,0.1,-0.02,1.09,6.39,2.18,0.42,7.48
Yerry Mina\Yerry-Mina,co COL,DF,Everton,25,1994,21.5,51.9,57.1,90.9,1072.3,296.1,13.7,14.6,93.9,29.5,30.9,95.5,7.44,9.95,74.8,0,0,0,0,2.28,0,0,2.09
Takumi Minamino\Takumi-Minamino,jp JPN,MFFW,Liverpool,25,1995,3.3,33.6,42.1,79.9,481.5,100.6,20,22.1,90.4,12.1,14.8,81.6,0.91,3.64,25,0,0,0,0,3.33,0.61,0,1.21
Takumi Minamino\Takumi-Minamino,jp JPN,MFFW,Southampton,25,1995,7.9,23.5,32.5,72.4,362.8,67.5,12.5,15.8,79.2,8.73,11.1,78.4,1.39,3.29,42.3,0,0.06,-0.06,0.63,1.39,0.63,0,2.15
Tyrone Mings\Tyrone-Mings,eng ENG,DF,Aston Villa,27,1993,35.5,35.5,44.6,79.6,841.2,333.1,8.11,9.13,88.9,19.9,21.6,92.1,7.24,13,55.6,0.06,0.02,0.04,0.2,3.38,0.17,0.06,3.04
Tyrick Mitchell\Tyrick-Mitchell,eng ENG,DF,Crystal Palace,20,1999,19,28.8,41,70.2,469.1,289.8,14.4,16.9,85.1,11.6,16.2,71.4,2.11,4.84,43.5,0.05,0.02,0.03,0.16,2.63,0.53,0.32,2.89
Aleksandar Mitrović\Aleksandar-Mitrovic,rs SRB,FW,Fulham,25,1994,15.6,18.7,24.6,76,254.9,39.4,11.6,14.3,81.2,4.87,6.86,71,1.03,1.54,66.7,0.19,0.17,0.03,1.41,0.77,0.83,0.06,1.28
Jakub Moder\Jakub-Moder,pl POL,DFMF,Brighton,21,1999,7.2,27.8,37.2,74.6,399.2,120.8,16.4,18.8,87.4,9.86,12.5,78.9,0.83,3.33,25,0,0.03,-0.03,0.42,2.36,0.97,0,2.92
Jayson Molumby\Jayson-Molumby,ie IRL,MF,Brighton,20,1999,0,0,1,0,0,0,0,0,,0,0,,0,1,0,0,0,0,0,0,0,0,0
Wesley Moraes\Wesley-Moraes,br BRA,MFFW,Aston Villa,23,1996,0.2,20,20,100,150,0,15,15,100,0,0,,0,0,,0,0,0,0,0,0,0,0
Wes Morgan\Wes-Morgan,jm JAM,DF,Leicester City,36,1984,0.2,25,25,100,465,390,10,10,100,15,15,100,0,0,,0,0,0,0,0,0,0,10
Mason Mount\Mason-Mount,eng ENG,MFFW,Chelsea,21,1999,32.1,48.2,58.6,82.3,854.6,230.6,23.8,26.4,89.9,16.9,19.5,86.4,6.2,9.38,66.1,0.16,0.24,-0.09,2.8,4.49,1.81,0.22,5.67
Lucas Moura\Lucas-Moura,br BRA,FWMF,Tottenham,27,1992,15.7,28.5,38.2,74.7,435.7,108,16.2,19.7,81.9,10.1,12.4,82,1.46,3.69,39.7,0.25,0.15,0.11,1.02,1.91,0.89,0.19,2.99
Lys Mousset\Lys-Mousset,fr FRA,FWMF,Sheffield Utd,24,1996,3.3,12.1,15.2,80,203.3,28.2,6.36,8.18,77.8,4.55,5.45,83.3,0.61,0.91,66.7,0,0.09,-0.09,0.91,1.52,0,0,0.91
João Moutinho\Joao-Moutinho,pt POR,MF,Wolves,33,1986,28.1,54.8,64.7,84.8,1093,259.6,19.1,20.9,91.6,25.6,28,91.2,9,13.6,66.2,0.04,0.09,-0.06,1.67,4.16,0.68,0.21,4.38
Joel Mumbongo\Joel-Mumbongo,se SWE,FW,Burnley,21,1999,0.4,12.5,15,83.3,130,0,10,10,100,2.5,2.5,100,0,0,,0,0,0,0,0,0,0,0
Jacob Murphy\Jacob-Murphy,eng ENG,DFMF,Newcastle Utd,25,1995,18.1,23,33.6,68.4,416.9,185.9,10.4,12.4,83.9,8.78,12.2,72.3,3.26,7.07,46.1,0.17,0.12,0.04,0.99,1.44,1.55,0.55,2.43
Shkodran Mustafi\Shkodran-Mustafi,de GER,DF,Arsenal,28,1992,0.5,82,96,85.4,2200,420,4,4,100,62,68,91.2,16,24,66.7,0,0,0,0,4,0,0,8
Marvelous Nakamba\Marvelous-Nakamba,zw ZIM,MF,Aston Villa,26,1994,8.3,28.2,32.9,85.7,511.2,114.5,11.9,13.5,88.4,11.9,13.4,89.2,3.61,5.18,69.8,0,0,0,0.12,1.93,0,0,1.08
Iliman Ndiaye\Iliman-Ndiaye,fr FRA,MF,Sheffield Utd,21,1999,0.1,30,30,100,350,160,10,10,100,10,10,100,0,0,,0,0,0,0,0,0,0,10
Wilfred Ndidi\Wilfred-Ndidi,ng NGA,MFDF,Leicester City,23,1996,24.2,49.6,56.3,88.1,925.5,191.9,20,22.6,88.8,21.9,23.3,93.6,6.65,8.51,78.2,0.17,0.06,0.1,0.62,3.31,0.17,0,2.36
Tanguy Ndombele\Tanguy-Ndombele,fr FRA,MF,Tottenham,23,1996,23.2,42.8,50.2,85.3,685.5,176.2,22.7,25.3,89.6,14.9,17.4,85.4,3.49,4.74,73.6,0.09,0.1,-0.02,0.69,3.92,0.95,0,4.35
Reiss Nelson\Reiss-Nelson,eng ENG,FW,Arsenal,20,1999,0.8,21.3,37.5,56.7,398.8,117.5,11.3,11.3,100,7.5,11.3,66.7,2.5,11.3,22.2,0,0,0,0,2.5,1.25,0,2.5
Pedro Neto\Pedro-Neto,pt POR,FWMF,Wolves,20,2000,28.3,33.7,42.8,78.8,547.7,116.7,18.1,19.8,91.4,11.2,13.8,81.3,3.25,6.54,49.7,0.21,0.22,-0.01,2.12,1.2,1.38,0.85,1.87
Rúben Neves\Ruben-Neves,pt POR,MF,Wolves,23,1997,29.7,55,65.2,84.3,1296,290.1,14.1,16,88,26.9,29.9,90.1,13.7,18.1,75.6,0.03,0.07,-0.04,1.08,6.84,0.71,0.07,4.71
Eddie Nketiah\Eddie-Nketiah,eng ENG,FW,Arsenal,21,1999,4.7,15.5,18.9,82,215.7,21.7,10.2,12.6,81.4,4.26,5.11,83.3,0.64,0.64,100,0.21,0.17,0.04,1.06,0.64,0.43,0,0.64
Niels Nkounkou\Niels-Nkounkou,fr FRA,DFFW,Everton,19,2000,0.9,30,37.8,79.4,533.3,118.9,16.7,16.7,100,8.89,11.1,80,4.44,8.89,50,0,0,0,0,3.33,0,0,2.22
Dan Nlundulu\Dan-Nlundulu,eng ENG,FW,Southampton,21,1999,1.2,18.3,27.5,66.7,331.7,45.8,8.33,13.3,62.5,9.17,10,91.7,0.83,0.83,100,0,0,0,0.83,2.5,0.83,0,1.67
Mark Noble\Mark-Noble,eng ENG,MF,West Ham,33,1987,7.9,47.3,54.3,87.2,927,220.1,18.6,20.5,90.7,20.4,22.2,92,7.72,9.62,80.3,0,0.03,-0.03,0.63,5.19,0.76,0.38,3.16
Will Norris\Will-Norris,eng ENG,GK,Burnley,26,1993,2,13.5,28,48.2,775.5,696.5,0.5,0.5,100,2.5,2.5,100,10.5,25,42,0,0.05,-0.05,0.5,4,0.5,0,0.5
Oliver Norwood\Oliver-Norwood,nir NIR,MF,Sheffield Utd,29,1991,24.7,47.8,60,79.6,1097,301.4,14.2,16,88.8,22,25.3,87.2,11.2,18.1,62.1,0,0.07,-0.07,1.34,5.3,1.17,0.4,4.29
Jack O'Connell\Jack-OConnell,eng ENG,DF,Sheffield Utd,26,1994,2,30,38.5,77.9,612.5,265.5,11.5,12,95.8,12,15,80,6,10,60,0,0,0,0,2,1,0,3
Dara O'Shea\Dara-OShea,ie IRL,DF,West Brom,21,1999,23.4,24.2,36.6,66,530.4,251.1,9.27,10.8,86.1,9.44,13.2,71.8,5.21,11.5,45.4,0,0,0,0.26,2.99,0.17,0,2.44
Michael Obafemi\Michael-Obafemi,ie IRL,FW,Southampton,20,2000,0.7,18.6,21.4,86.7,254.3,41.4,11.4,12.9,88.9,4.29,5.71,75,1.43,1.43,100,0,0.14,-0.14,1.43,1.43,0,0,1.43
Denis Odoi\Denis-Odoi,be BEL,DF,Fulham,32,1988,3,51,61.7,82.7,1055,345.3,18,20,90,24,27.3,87.8,8.33,12,69.4,0,0.03,-0.03,0.33,3.67,0.67,0.33,3.33
Angelo Ogbonna\Angelo-Ogbonna,it ITA,DF,West Ham,32,1988,27.7,29.2,34.7,84.4,642.3,168.5,6.9,7.73,89.3,16.9,18.4,91.6,5.05,7.8,64.8,0,0.04,-0.04,0.11,0.97,0,0,0.94
Robin Olsen\Robin-Olsen,se SWE,GK,Everton,30,1990,7,20.3,28.4,71.4,709.6,501.1,2.71,2.71,100,7.86,7.86,100,9.57,17.7,54,0,0,0,0,0.29,0,0,0
Josh Onomah\Josh-Onomah,eng ENG,MF,Fulham,23,1997,4.2,35.5,39.5,89.8,571.4,112.4,17.6,19.8,89.2,13.8,14.3,96.7,2.86,4.05,70.6,0,0.02,-0.02,0.48,2.86,0.71,0,3.81
Divock Origi\Divock-Origi,be BEL,FW,Liverpool,25,1995,2.1,21.9,28.6,76.7,268.6,36.7,12.4,14.3,86.7,7.14,9.52,75,0,0.95,0,0,0.1,-0.1,0.95,0.95,0,0,0.48
Ben Osborn\Ben-Osborn,eng ENG,MFDF,Sheffield Utd,25,1994,17.8,37.2,47.1,79,582.9,210.4,22,24.4,90.3,11.7,13.9,83.9,2.87,6.85,41.8,0,0.12,-0.12,1.07,3.03,1.57,0.62,3.93
Owen Otasowie\Owen-Otasowie,us USA,MFFW,Wolves,19,2001,2.1,21.4,30.5,70.3,329,56.2,10.5,15.7,66.7,7.62,9.52,80,1.9,3.33,57.1,0.48,0.05,0.43,0.95,0,0,0,0.95
Alex Oxlade-Chamberlain\Alex-Oxlade-Chamberlain,eng ENG,FWMF,Liverpool,26,1993,2.8,37.1,49.3,75.4,780.4,162.9,13.6,17.9,76,15.4,19.3,79.6,6.79,7.86,86.4,0.36,0.07,0.29,0.71,6.07,0.71,0,5.36
Emerson Palmieri\Emerson-Palmieri,it ITA,DF,Chelsea,25,1994,1,51,63,81,927,203,27,28,96.4,15,19,78.9,8,11,72.7,0,0,0,0,1,1,1,0
Thomas Partey\Thomas-Partey,gh GHA,MF,Arsenal,27,1993,17,56.8,65.4,86.9,1102.8,301.1,22.4,24.6,90.9,24.8,27.5,90.4,8.35,11.4,73.6,0.12,0.06,0.06,0.71,7.29,0.59,0,6.35
Rui Patrício\Rui-Patricio,pt POR,GK,Wolves,32,1988,37,14.4,21.6,66.7,487.9,314.9,2.57,2.59,99,4.38,4.49,97.6,7.27,14.3,50.8,0,0,0,0,0.14,0,0,0
Bailey Peacock-Farrell\Bailey-Peacock-Farrell,nir NIR,GK,Burnley,23,1996,4,14.5,28.3,51.3,802.5,676.5,0.25,0.25,100,3,3.25,92.3,11.3,24.5,45.9,0,0,0,0,1.5,0,0,0
Lee Peltier\Lee-Peltier,eng ENG,DF,West Brom,33,1986,2.5,19.2,30.4,63.2,358,103.2,8.4,9.2,91.3,8.8,11.2,78.6,2,8.4,23.8,0,0,0,0.4,1.6,0.8,0.4,0.8
Nicolas Pépé\Nicolas-Pepe,ci CIV,FW,Arsenal,25,1995,18,28.3,37.4,75.7,413.7,81.4,16.4,19.5,84.3,9.56,11.7,81.5,1.56,3.28,47.5,0.06,0.05,0.01,0.61,0.94,0.94,0.06,2.22
Matheus Pereira\Matheus-Pereira,br BRA,MFFW,West Brom,24,1996,28.6,26.7,37.3,71.8,458.8,154.7,14.3,16.6,85.7,8.15,10.6,77.2,3.43,7.9,43.4,0.21,0.19,0.02,1.99,2.24,1.5,0.31,3.32
Ricardo Pereira\Ricardo-Pereira,pt POR,DF,Leicester City,26,1993,10.7,38.4,49.1,78.3,618.8,209.5,19.6,22.9,85.7,15.2,18.8,81.1,2.52,4.58,55.1,0.09,0.05,0.05,0.84,1.78,1.03,0.09,4.11
Ayoze Pérez\Ayoze-Perez,es ESP,MFFW,Leicester City,27,1993,14.8,25.8,33.7,76.6,368.4,96,16,18.7,85.6,7.36,9.66,76.2,1.42,2.91,48.8,0.07,0.09,-0.02,1.55,1.76,1.82,0.34,3.65
Kalvin Phillips\Kalvin-Phillips,eng ENG,MF,Leeds United,24,1995,27,44.8,54.1,82.8,1056.2,266.4,12.5,13.9,89.6,19.9,22.2,89.6,11.9,16.6,71.7,0.07,0.14,-0.07,1.26,5.15,0.59,0.11,3.85
Matt Phillips\Matt-Phillips,sco SCO,MF,West Brom,29,1991,20.3,19.4,27.9,69.3,338.4,114.6,9.85,12.1,81.6,6.55,9.21,71.1,2.32,4.83,48,0.05,0.15,-0.1,1.33,1.03,1.03,0.69,2.07
Nathaniel Phillips\Nathaniel-Phillips,eng ENG,DF,Liverpool,23,1997,16.2,57,65.3,87.2,1231.1,380.3,16.4,17.8,91.7,30.4,32.3,94.1,9.81,14.3,68.8,0.06,0.02,0.04,0.37,4.88,0.12,0,3.7
Jaden Philogene Bidace\Jaden-Philogene-Bidace,eng ENG,FW,Aston Villa,18,2002,0,2,4,50,38,0,1,3,33.3,1,1,100,0,0,,0,0,0,0,0,0,0,0
Jordan Pickford\Jordan-Pickford,eng ENG,GK,Everton,26,1994,30.5,25,37.8,66.1,865,609.6,5.64,5.7,98.9,8.03,8.16,98.4,11.1,23.6,46.9,0,0,0,0.03,0.98,0.03,0,0
Erik Pieters\Erik-Pieters,nl NED,DFMF,Burnley,31,1988,14.1,30.8,41.1,74.8,550.6,209.9,13.3,15,88.2,13.1,15.7,83.3,3.4,8.3,41,0.07,0.04,0.04,0.43,2.34,0.28,0.07,2.2
Daniel Podence\Daniel-Podence,pt POR,MFFW,Wolves,24,1995,18.5,25.8,34.4,75.2,472.5,125.8,13,15.4,84.2,8.97,11.8,75.8,3.46,5.19,66.7,0.11,0.1,0.01,1.24,2.43,1.14,0.16,3.57
Paul Pogba\Paul-Pogba,fr FRA,MFFW,Manchester Utd,27,1993,21.1,52.7,63.6,82.8,1005.1,238.7,23.9,26.9,88.9,19.6,22,89,7.91,11.8,66.8,0.14,0.1,0.04,1.14,5.36,1.61,0.14,5.26
Nick Pope\Nick-Pope,eng ENG,GK,Burnley,28,1992,32,15.5,30.6,50.7,716.9,576.7,0.81,0.88,92.9,3.56,3.78,94.2,11.1,25.8,42.8,0,0.01,-0.01,0.09,1.06,0.03,0,0.03
Dennis Praet\Dennis-Praet,be BEL,MFFW,Leicester City,26,1994,8,31,39.1,79.2,484.4,106.3,16.9,18.8,90,11.5,14.9,77.3,1.75,3.75,46.7,0.13,0.1,0.03,0.88,1.25,0.88,0.25,2.5
Davy Pröpper\Davy-Propper,nl NED,MF,Brighton,28,1991,2.4,30.4,40,76,590,180,10.4,13.8,75.8,16.3,20,81.3,3.33,4.58,72.7,0,0,0,0,2.92,2.08,0.42,5.42
Christian Pulisic\Christian-Pulisic,us USA,FWMF,Chelsea,21,1998,19.3,28.6,35.8,80,432.9,95.3,17,19.9,85.7,9.27,11.7,79.6,1.55,2.33,66.7,0.1,0.15,-0.04,1.35,1.61,2.07,0.1,3.42
Aaron Ramsdale\Aaron-Ramsdale,eng ENG,GK,Sheffield Utd,22,1998,38,14.7,30,49.1,655.7,508.8,1.5,1.55,96.6,4.16,4.24,98.1,9.03,24.1,37.4,0,0.01,-0.01,0.05,1.37,0,0,0
Jacob Ramsey\Jacob-Ramsey,eng ENG,MF,Aston Villa,19,2001,7,26.9,31.4,85.5,480,102.4,12.3,14,87.8,10.1,11.4,88.8,3.57,4.29,83.3,0,0.04,-0.04,0.86,2.29,0.14,0.14,2.14
Kayne Ramsey\Kayne-Ramsey,eng ENG,DF,Southampton,19,2000,1,18,26,69.2,286,101,6,7,85.7,8,10,80,1,4,25,0,0,0,0,0,0,0,0
Darren Randolph\Darren-Randolph,ie IRL,GK,West Ham,33,1987,3,12,22,54.5,437,328.7,1.67,1.67,100,4.33,4.33,100,6,16,37.5,0,0,0,0,0,0,0,0
Marcus Rashford\Marcus-Rashford,eng ENG,FW,Manchester Utd,22,1997,32.4,30.7,38.1,80.6,488.9,98,16.7,19,87.5,10.6,12.6,83.8,2.56,3.98,64.3,0.28,0.11,0.17,1.27,1.05,1.73,0.19,2.96
Tim Ream\Tim-Ream,us USA,DF,Fulham,32,1987,7,56.6,62,91.2,1241,391.7,14.6,15.1,96.2,31.4,32.6,96.5,10.3,13.4,76.6,0,0,0,0,4.43,0,0,3.43
Nathan Redmond\Nathan-Redmond,eng ENG,MFFW,Southampton,26,1994,19.3,29.2,38.5,75.9,483.2,120.5,14.6,17.5,83.1,11.2,14.5,77.1,2.59,3.94,65.8,0.16,0.17,-0.02,1.5,1.81,1.61,0.26,3.83
Harrison Reed\Harrison-Reed,eng ENG,MF,Fulham,25,1995,25,50.5,58.4,86.4,971.2,229.6,18.7,20.2,92.3,25,27.5,90.8,6.2,9.12,68,0.08,0.06,0.02,0.88,3.44,0.72,0.16,3.88
Sergio Reguilón\Sergio-Reguilon,es ESP,DF,Tottenham,23,1996,24.9,43.2,55.9,77.2,743.3,262.2,21.1,23.7,88.8,18.7,22.9,81.9,2.89,6.91,41.9,0.12,0.07,0.05,0.68,2.41,1.08,0.64,3.29
Bobby Reid\Bobby-Reid,jm JAM,MFDF,Fulham,27,1993,26.4,23.2,31.3,74.1,386.3,110.7,11.7,13.6,85.6,8.71,11.3,77.4,2.05,4.55,45,0.08,0.05,0.02,0.57,1.44,1.06,0.23,2.27
Declan Rice\Declan-Rice,eng ENG,MF,West Ham,21,1999,32,40.6,47.1,86.2,781.3,189.5,16.4,18.1,90.5,17.7,19.6,90.3,6,8.16,73.6,0.03,0.07,-0.03,0.59,3.53,0.66,0.28,2.94
Lewis Richardson\Lewis-Richardson,eng ENG,FWMF,Burnley,17,2003,0,0,1,0,0,0,0,1,0,0,0,,0,0,,0,0,0,0,0,0,0,0
Richarlison\Richarlison,br BRA,FW,Everton,23,1997,31.8,16.8,24.3,69.2,260.2,54.9,9.34,11.8,79.2,5.85,8.21,71.3,1.13,1.95,58.1,0.09,0.1,-0.01,0.79,0.75,0.44,0.03,1.32
Jaïro Riedewald\Jairo-Riedewald,nl NED,MF,Crystal Palace,23,1996,20.2,26.4,31.1,84.9,451.6,114.4,12.4,14,88.7,10.6,12.1,87.3,2.72,3.76,72.4,0,0.05,-0.05,0.54,2.28,0.4,0,2.08
Matt Ritchie\Matt-Ritchie,sco SCO,DFMF,Newcastle Utd,30,1989,15,27.4,40.5,67.7,531.9,232,12.3,14,87.6,9.93,13,76.4,4.6,11.9,38.8,0.13,0.1,0.03,1.6,1.8,1.2,0.87,2.47
Tyler Roberts\Tyler-Roberts,wal WAL,MFFW,Leeds United,21,1999,14.9,22.6,31.3,72.2,355,83.2,11.9,15.3,77.6,7.52,9.73,77.2,1.88,3.69,50.9,0.13,0.12,0.01,1.01,1.68,1.48,0.07,2.89
Andrew Robertson\Andrew-Robertson,sco SCO,DF,Liverpool,26,1994,37.6,68.3,85.5,79.9,1252.8,423.4,29.6,33.5,88.2,31.1,35.7,87.1,6.86,13.9,49.5,0.19,0.18,0,1.76,4.71,1.76,0.69,7.05
Antonee Robinson\Antonee-Robinson,us USA,DF,Fulham,22,1997,24,40.9,56.3,72.6,762.8,294.7,17.1,20.1,85.1,18.4,23.5,78.2,5,10.4,48,0,0.07,-0.07,1.17,1.67,1.79,1.04,3.63
Callum Robinson\Callum-Robinson,ie IRL,FWMF,West Brom,25,1995,17.3,18.4,26,70.9,291.6,66.8,9.88,12.1,81.4,6.01,7.69,78.2,1.79,3.64,49.2,0,0.05,-0.05,0.81,1.21,0.69,0.4,1.27
Jack Robinson\Jack-Robinson,eng ENG,DF,Sheffield Utd,26,1993,9.7,36.5,45.3,80.6,696.8,242.3,14.7,16.1,91.7,16,18.7,85.6,5.26,9.07,58,0.1,0.09,0.01,0.1,2.47,0.1,0,2.16
Hal Robson-Kanu\Hal-Robson-Kanu,wal WAL,FW,West Brom,31,1989,6.2,10.3,13.9,74.4,151.8,38.4,5.32,6.45,82.5,2.58,3.55,72.7,1.13,1.94,58.3,0,0.06,-0.06,0.97,1.13,0.32,0.16,1.45
Marek Rodák\Marek-Rodak,sk SVK,GK,Fulham,23,1996,2,18.5,23,80.4,479.5,268,4.5,4.5,100,7.5,7.5,100,6,10.5,57.1,0,0,0,0,0,0,0,0
Joe Rodon\Joe-Rodon,wal WAL,DF,Tottenham,22,1997,8.1,45.1,50.7,88.8,960.9,229.3,12.5,13.6,91.8,25.4,27,94.1,6.91,9.63,71.8,0,0,0,0,1.11,0,0,1.23
Rodri\Rodri,es ESP,MF,Manchester City,24,1996,30.5,81.8,89.4,91.5,1644.8,337.6,30.8,32.7,94,36.1,38.7,93.4,14,16.2,86.3,0.07,0.06,0.01,0.89,7.84,0.56,0.03,5.11
Rodrigo\Rodrigo,es ESP,MFFW,Leeds United,29,1991,14.3,30.2,40.1,75.4,532.1,121.1,14.7,17.6,83.3,11.3,14.3,78.5,3.43,5.38,63.6,0.14,0.17,-0.03,1.96,2.73,1.4,0.28,3.99
James Rodríguez\James-Rodriguez,co COL,FWMF,Everton,29,1991,19.6,44.8,56.7,79.1,934.9,284.9,18.3,21.2,86.5,16,18.4,86.7,9.69,14.8,65.5,0.2,0.28,-0.07,2.19,5.31,2.09,0.36,6.73
Jay Rodriguez\Jay-Rodriguez,eng ENG,FWMF,Burnley,31,1989,14.1,14.8,20.1,73.5,190.2,43.3,9.36,11.7,80,3.83,5.46,70.1,0.57,1.28,44.4,0.14,0.12,0.02,0.57,0.78,0.5,0.07,1.56
Oriol Romeu\Oriol-Romeu,es ESP,MF,Southampton,28,1991,19.6,53.2,64.2,82.8,896.7,187,25.8,29.4,87.7,22.5,25.6,88,3.93,7.19,54.6,0.05,0.06,-0.01,0.71,3.16,0.77,0.05,4.44
John Ruddy\John-Ruddy,eng ENG,GK,Wolves,33,1986,1,19,24,79.2,524,323,3,3,100,7,7,100,9,14,64.3,0,0,0,0,0,0,0,0
Antonio Rüdiger\Antonio-Rudiger,de GER,DF,Chelsea,27,1993,19,70.5,77.7,90.7,1473.2,402.6,20.6,21.3,96.5,39.3,40.8,96.1,10.1,14.3,70.2,0,0.02,-0.02,0.16,5.84,0.21,0.05,2.74
Mathew Ryan\Mathew-Ryan,au AUS,GK,Brighton,28,1992,11,28.5,36.3,78.7,768.5,376.9,5.64,5.64,100,14.5,14.5,100,8.36,16.1,52,0,0,0,0,0.09,0,0,0
Mathew Ryan\Mathew-Ryan,au AUS,GK,Arsenal,28,1992,3,20.7,22.3,92.5,511.7,264.7,4.33,4.33,100,10.7,10.7,100,5.33,7,76.2,0,0,0,0,0,0,0,0
Allan Saint-Maximin\Allan-Saint-Maximin,fr FRA,FWMF,Newcastle Utd,23,1997,17.3,20.1,25.2,79.8,341.8,78.6,9.88,11.6,85.5,7.63,9.08,84.1,2.08,3.01,69.2,0.23,0.19,0.04,1.62,1.56,0.58,0.12,2.66
Romain Saïss\Romain-Saiss,ma MAR,DF,Wolves,30,1990,26.7,43.3,52.8,82,936.7,393.9,12.9,13.9,93,21.8,24.6,88.6,8.09,12.9,62.6,0,0.01,-0.01,0.22,3.97,0.3,0.11,3.97
Bukayo Saka\Bukayo-Saka,eng ENG,FWDF,Arsenal,18,2001,28.4,30.5,40.7,74.9,471.4,121.2,17,19.8,85.8,10.5,12.9,81.5,2.08,5.46,38.1,0.11,0.17,-0.06,1.34,1.94,1.02,0.28,2.25
Mamadou Sakho\Mamadou-Sakho,fr FRA,DF,Crystal Palace,30,1990,3.1,23.2,26.5,87.8,489.7,206.1,7.1,8.39,84.6,10.6,10.6,100,5.16,7.1,72.7,0,0,0,0,0.65,0,0,0.97
Mohamed Salah\Mohamed-Salah,eg EGY,FW,Liverpool,28,1992,34.2,31.3,37.7,83.2,474.2,113.4,18.5,20.4,90.8,10,12,83.6,1.84,2.92,63,0.15,0.18,-0.04,1.58,1.78,2.16,0.35,4.01
Mohammed Salisu\Mohammed-Salisu,gh GHA,DF,Southampton,21,1999,9.4,33,40,82.4,545.6,196.8,16.3,17.9,91.1,13.4,15.7,85.1,2.55,4.26,60,0,0,0,0.11,1.7,0,0,1.91
Davinson Sánchez\Davinson-Sanchez,co COL,DF,Tottenham,24,1996,16.5,51.5,59.2,86.9,1107.5,285.7,13.8,15.2,91.2,28.4,30.6,92.7,8.85,12.4,71.6,0,0,0,0,1.21,0.06,0,1.76
Robert Sánchez\Robert-Sanchez,es ESP,GK,Brighton,22,1997,27,29,40.6,71.6,886.3,469.5,4.41,4.48,98.3,14.2,14.3,99.2,10.4,21.6,48.3,0,0,0,0,0.93,0,0,0.04
Morgan Sanson\Morgan-Sanson,fr FRA,MF,Aston Villa,25,1994,3.3,37,48.8,75.8,633,156.4,17,20,84.8,15.8,18.2,86.7,3.33,7.58,44,0,0.03,-0.03,0.3,2.12,0.3,0,2.73
Romaine Sawyers\Romaine-Sawyers,kn SKN,MF,West Brom,28,1991,16.5,36.7,43.2,85,714.9,192.2,14.1,15.8,88.9,16.8,18.9,88.8,5.27,6.97,75.7,0,0.02,-0.02,0.3,3.45,0.3,0.12,3.21
Dane Scarlett\Dane-Scarlett,eng ENG,FW,Tottenham,16,2004,0,0,0,,0,0,0,0,,0,0,,0,0,,0,0,0,0,0,0,0,0
Fabian Schär\Fabian-Schar,ch SUI,DF,Newcastle Utd,28,1991,13.8,32.8,42.2,77.7,790.5,334.9,9.64,10.7,89.9,14.4,16.4,87.7,8.7,14.7,59.1,0,0,0,0.07,2.9,0.87,0,2.83
Jeffrey Schlupp\Jeffrey-Schlupp,gh GHA,MF,Crystal Palace,27,1992,15.9,19.1,27,70.9,307.4,88.4,9.81,12.8,76.8,7.42,10,74.2,1.32,2.45,53.8,0.19,0.11,0.08,1.07,1.95,0.63,0.13,2.26
Kasper Schmeichel\Kasper-Schmeichel,dk DEN,GK,Leicester City,33,1986,38,23.3,32.1,72.7,711.7,379.9,3.13,3.18,98.3,10.7,10.8,98.5,9.42,18,52.4,0,0,0,0,0.18,0,0,0
Nélson Semedo\Nelson-Semedo,pt POR,DF,Wolves,26,1993,33.1,46.6,57.2,81.4,751.8,235.2,26.2,28.6,91.4,15.6,18.8,83.4,3.9,6.74,57.8,0.03,0.03,0,0.6,2.81,0.73,0.42,3.02
Femi Seriki\Femi-Seriki,eng ENG,DF,Sheffield Utd,,,0,0,0,,0,0,0,0,,0,0,,0,0,,0,0,0,0,0,0,0,0
Jamie Shackleton\Jamie-Shackleton,eng ENG,MFDF,Leeds United,20,1999,5.1,35.7,40.4,88.3,568.6,122.9,17.5,19.2,90.8,14.3,15.9,90.1,2.55,2.94,86.7,0,0.06,-0.06,0.39,1.37,0.39,0.2,1.37
Xherdan Shaqiri\Xherdan-Shaqiri,ch SUI,MFFW,Liverpool,28,1991,6.2,57.4,68.7,83.6,1013.2,250,26.6,29.5,90.2,21.3,24.7,86.3,7.42,10.3,71.9,0.32,0.48,-0.16,3.06,4.03,4.19,0.81,6.29
Billy Sharp\Billy-Sharp,eng ENG,FW,Sheffield Utd,34,1986,8.2,10.5,15,69.9,141.2,20.5,5.61,7.2,78,3.78,5.37,70.5,0,0.24,0,0,0.07,-0.07,0.49,0.24,0.37,0,0.73
Luke Shaw\Luke-Shaw,eng ENG,DF,Manchester Utd,25,1995,29.5,55.8,68.3,81.6,879.9,374.1,31.3,34.1,91.8,19.3,22.6,85.2,4.03,8.58,47,0.17,0.18,-0.01,2.41,2.95,1.56,0.54,5.22
Jonjo Shelvey\Jonjo-Shelvey,eng ENG,MF,Newcastle Utd,28,1992,29.1,35.9,48.7,73.8,891.1,264.9,10.9,12.6,86.3,14.8,17.9,82.9,10,17.3,57.7,0.1,0.09,0.01,1.31,4.54,0.79,0.17,3.78
Shola Shoretire\Shola-Shoretire,eng ENG,FW,Manchester Utd,16,2004,0.1,60,80,75,840,120,40,50,80,20,20,100,0,0,,0,0,0,0,10,0,0,0
Gylfi Sigurðsson\Gylfi-Sigurdsson,is ISL,MF,Everton,30,1989,25,30,37.9,79.1,543.8,138.1,13.1,15.2,86.1,11.9,13.4,89,4,7.36,54.3,0.2,0.19,0.01,1.8,2.08,0.88,0.2,2.48
Bernardo Silva\Bernardo-Silva,pt POR,MFFW,Manchester City,25,1994,22.9,55.9,62.3,89.7,944.8,147.3,27.8,29.6,93.9,21.4,23.3,91.9,5.2,6.64,78.3,0.26,0.16,0.1,1.4,3.54,1.4,0,3.14
Fábio Silva\Fabio-Silva,pt POR,FW,Wolves,18,2002,15.2,14.9,20.1,74.4,207.5,28.8,8.95,10.7,83.4,4.34,5.59,77.6,0.79,1.84,42.9,0.2,0.03,0.16,0.72,0.53,0.39,0,1.12
Thiago Silva\Thiago-Silva,br BRA,DF,Chelsea,35,1984,21.5,81.3,87,93.5,1769.7,552.6,21.9,22.7,96.3,44.2,45.5,97.1,14.7,17.9,82.3,0,0.01,-0.01,0.23,5.26,0.33,0,3.63
Moussa Sissoko\Moussa-Sissoko,fr FRA,MF,Tottenham,30,1989,17.6,37.8,45,84.1,672.3,145.8,16.8,19.3,87,16.2,18,89.9,4.03,5.97,67.6,0,0.03,-0.03,0.28,2.84,0.34,0.11,2.05
Islam Slimani\Islam-Slimani,dz ALG,FW,Leicester City,32,1988,0.2,40,55,72.7,540,80,25,30,83.3,15,25,60,0,0,,0,0,0,5,0,0,0,5
William Smallbone\William-Smallbone,ie IRL,MF,Southampton,20,2000,1.9,33.7,41.1,82.1,585.8,127.9,14.7,16.3,90.3,16.3,17.9,91.2,2.11,5.79,36.4,0,0,0,0,2.11,0.53,0,2.63
Emile Smith-Rowe\Emile-Smith-Rowe,eng ENG,MFFW,Arsenal,20,2000,16,39.7,45.3,87.7,595.8,112.1,21.8,24.1,90.4,14.8,16.2,91.5,1.88,2.5,75,0.25,0.19,0.06,1.5,2.31,0.88,0.13,2.63
Robert Snodgrass\Robert-Snodgrass,sco SCO,FWDF,West Ham,32,1987,0.1,30,30,100,350,130,30,30,100,0,0,,0,0,,0,0,0,0,0,0,0,0
Robert Snodgrass\Robert-Snodgrass,sco SCO,MFFW,West Brom,32,1987,5.8,18.1,22.9,78.9,292.9,93.8,10.2,12.2,83.1,6.21,8.28,75,1.21,1.9,63.6,0,0.05,-0.05,0.52,1.55,0.86,0,2.59
Cédric Soares\Cedric-Soares,pt POR,DF,Arsenal,28,1991,8.3,42.3,55.8,75.8,691.2,253,24,27.3,87.7,14.2,18.7,76.1,3.61,7.47,48.4,0.12,0.11,0.01,0.72,3.49,0.84,0.24,3.25
Tomáš Souček\Tomas-Soucek,cz CZE,MF,West Ham,25,1995,38,31.2,40.5,76.9,574.9,145.9,13.8,17.6,78.7,12.3,15.7,78.1,4.32,5.68,75.9,0.03,0.04,-0.01,0.42,2.68,0.29,0.05,2.71
Çağlar Söyüncü\Caglar-Soyuncu,tr TUR,DF,Leicester City,24,1996,20.2,59.5,66.9,89,1132.5,340.5,21.6,23.2,93.2,31.6,33.8,93.6,5.69,8.86,64.2,0,0.01,-0.01,0.2,3.66,0.25,0.15,3.56
Zack Steffen\Zack-Steffen,us USA,GK,Manchester City,25,1995,1,23,28,82.1,512,236,8,8,100,8,8,100,7,12,58.3,0,0,0,0,0,0,0,0
Dale Stephens\Dale-Stephens,eng ENG,MF,Burnley,31,1989,2.9,35.5,42.8,83.1,653.1,182.1,15.2,16.9,89.8,13.4,15.9,84.8,5.86,7.93,73.9,0,0,0,0,2.41,1.03,0,4.14
Jack Stephens\Jack-Stephens,eng ENG,DF,Southampton,26,1994,17.1,49.4,59.4,83.2,1007.1,366.7,16.4,18.5,88.3,25.7,28.7,89.6,6.84,10.9,62.6,0,0.03,-0.03,0.47,3.92,0.64,0,3.51
Raheem Sterling\Raheem-Sterling,eng ENG,FW,Manchester City,25,1994,28.2,34.1,40,85.4,456.5,85.9,22.6,24.8,91.1,9.04,10.1,89.2,1.1,1.77,62,0.25,0.17,0.08,1.35,1.35,1.03,0.18,2.2
Enda Stevens\Enda-Stevens,ie IRL,DF,Sheffield Utd,30,1990,30,36.9,47.6,77.5,639.2,272.5,18.6,20.3,91.3,14.1,17.6,80.2,3.73,7.93,47.1,0.03,0.05,-0.02,0.6,2.93,1,0.27,3.87
John Stones\John-Stones,eng ENG,DF,Manchester City,26,1994,21.5,75.1,79.7,94.3,1467.3,371.7,27.6,28.8,95.8,37,38.2,96.8,9.77,11.4,85.7,0,0,0,0.09,5.26,0.19,0,3.49
Pascal Struijk\Pascal-Struijk,nl NED,DFMF,Leeds United,20,1999,23.1,47.5,54.5,87.1,1057.9,285.5,11.9,13.2,89.9,26.7,28.6,93.3,8.48,11.8,72.1,0,0.01,-0.01,0.22,2.08,0.09,0,2.03
Japhet Tanganga\Japhet-Tanganga,eng ENG,DF,Tottenham,21,1999,5.4,35.7,42.4,84.3,537.2,215.4,19.8,22,89.9,13.3,15,88.9,1.3,3.15,41.2,0,0,0,0,1.11,0.56,0.19,2.22
Matt Targett\Matt-Targett,eng ENG,DF,Aston Villa,24,1995,37.8,43.7,56.8,77,814.3,405,19.5,21.8,89.5,17.4,21.9,79.6,5.74,10.6,54.3,0.05,0.08,-0.03,1.16,4.21,1.4,0.4,5.87
James Tarkowski\James-Tarkowski,eng ENG,DF,Burnley,27,1992,36,23.3,32.4,72,576.3,213.2,6.14,7.94,77.3,10.4,12.7,81.7,6.67,11.1,59.9,0,0.02,-0.02,0.28,1.92,0.36,0.06,2.11
Percy Tau\Percy-Tau,za RSA,FWMF,Brighton,26,1994,1.1,20,26.4,75.9,292.7,60.9,10,13.6,73.3,9.09,10,90.9,0,1.82,0,0.91,0.27,0.64,2.73,0.91,0.91,0,1.82
Sidnei Tavares\Sidnei-Tavares,pt POR,MF,Leicester City,18,2001,0.9,21.1,28.9,73.1,343.3,57.8,12.2,17.8,68.8,7.78,8.89,87.5,1.11,1.11,100,0,0,0,0,0,0,0,1.11
Charlie Taylor\Charlie-Taylor,eng ENG,DF,Burnley,26,1993,27,33.6,48.1,69.9,623.7,260.6,15.9,18.2,87.4,12.9,16.9,76.5,4.48,11.2,40.1,0.04,0.07,-0.03,0.56,2.7,0.93,0.7,2.44
Neil Taylor\Neil-Taylor,wal WAL,DF,Aston Villa,31,1989,0.2,50,55,90.9,600,145,40,40,100,10,15,66.7,0,0,,0,0,0,0,0,0,0,0
Allan Tchaptchet\Allan-Tchaptchet,fr FRA,DF,Southampton,18,2001,0.1,0,20,0,0,0,0,10,0,0,0,,0,0,,0,0,0,0,0,0,0,0
Nathan Tella\Nathan-Tella,eng ENG,FWMF,Southampton,21,1999,8.3,12.9,17.6,73.3,202,37.7,7.23,8.92,81.1,3.98,4.94,80.5,1.08,1.69,64.3,0.12,0.1,0.02,0.72,0.48,0.96,0.48,0.72
Alex Telles\Alex-Telles,br BRA,DF,Manchester Utd,27,1992,7.7,59.6,74,80.5,998.7,408.6,30.5,32.5,94,21.8,25.7,84.8,5.58,13.5,41.3,0.26,0.14,0.12,1.56,4.55,1.82,0.26,6.49
Kenny Tete\Kenny-Tete,nl NED,DF,Fulham,24,1995,16.5,38.9,52.3,74.4,714.2,289.8,17.1,20.3,84.2,16.2,20.6,78.5,4.67,7.82,59.7,0.06,0.1,-0.04,1.03,2.12,1.52,1.15,3.27
William Thomas Fish\William-Thomas-Fish,eng ENG,DF,Manchester Utd,17,2003,0,0,1,0,0,0,0,0,,0,1,0,0,0,,0,0,0,0,0,0,0,0
Luke Thomas\Luke-Thomas,eng ENG,DF,Leicester City,19,2001,10.8,33.2,44.8,74.2,521.9,181.2,19,22.2,85.4,11.7,15.4,75.9,2.04,5,40.7,0,0.02,-0.02,0.46,2.04,0.65,0.19,2.59
Youri Tielemans\Youri-Tielemans,be BEL,MF,Leicester City,23,1997,37.3,53.9,68.6,78.6,1039.4,267.1,21.1,23.9,88.2,24.4,28.1,86.7,7.56,14.4,52.4,0.11,0.09,0.02,1.29,5.68,1.15,0.11,5.52
Kieran Tierney\Kieran-Tierney,sco SCO,DF,Arsenal,23,1997,25.5,44.5,58.4,76.2,818.3,238,18.8,21.6,87.3,20.4,24.5,83.4,4.98,10.6,46.9,0.12,0.16,-0.04,1.29,2.2,1.33,0.55,3.84
James Tomkins\James-Tomkins,eng ENG,DF,Crystal Palace,31,1989,6.1,21.1,26.9,78.7,476.9,148.7,5.25,5.9,88.9,11,11.8,93.1,4.75,8.52,55.8,0,0.02,-0.02,0.16,1.97,0,0,0.66
Fikayo Tomori\Fikayo-Tomori,eng ENG,DF,Chelsea,22,1997,0.5,54,58,93.1,1148,322,12,12,100,34,36,94.4,8,10,80,0,0,0,0,0,0,0,0
Ferrán Torres\Ferran-Torres,es ESP,FWMF,Manchester City,20,2000,14.5,24.8,30.5,81.4,399.5,72.1,13,15,87.1,9.52,10.9,87.3,1.52,3.31,45.8,0.14,0.13,0.01,1.24,1.1,1.03,0.14,2.34
Cenk Tosun\Cenk-Tosun,tr TUR,FW,Everton,29,1991,0.5,16,20,80,302,28,8,8,100,6,6,100,2,4,50,0,0.2,-0.2,2,0,0,0,0
Andros Townsend\Andros-Townsend,eng ENG,MFFW,Crystal Palace,29,1991,25.1,23.4,34.4,67.9,412.7,157.9,11.9,14.1,84.5,7.17,9.68,74.1,3.39,8.25,41.1,0.2,0.15,0.05,1.55,1.67,1.59,0.8,2.99
Conor Townsend\Conor-Townsend,eng ENG,DF,West Brom,27,1993,24.8,35.5,47.4,74.9,660.2,319.6,15,16.9,88.8,16.3,20.5,79.7,3.79,8.71,43.5,0.08,0.08,0,0.89,3.15,1.01,0.6,4.76
Adama Traoré\Adama-Traore,es ESP,FW,Wolves,24,1996,29.4,19.7,29.9,65.9,322,82,10.1,13.1,77.6,7.18,10.6,67.4,1.77,3.5,50.5,0.07,0.18,-0.12,1.9,1.46,0.88,0.54,2.14
Bertrand Traoré\Bertrand-Traore,bf BFA,FW,Aston Villa,24,1995,25.7,22.1,31,71.2,423.8,103.6,9.61,11.8,81.3,8.33,10.7,78.1,3.66,6.96,52.5,0.23,0.13,0.11,1.32,1.09,1.01,0.27,2.41
Trézéguet\Trezeguet,eg EGY,FW,Aston Villa,25,1994,13,17.5,25.2,69.5,290.9,84.8,8.23,10.8,76.4,6.69,9.23,72.5,1.77,3.23,54.8,0.08,0.15,-0.08,0.92,1.69,0.46,0.23,2.15
Leandro Trossard\Leandro-Trossard,be BEL,FWMF,Brighton,25,1994,29,28,37.4,74.9,538.2,149.2,11.9,14.8,80.2,11.6,14.1,82,3.93,6.03,65.1,0.17,0.15,0.02,1.59,2.72,2.21,0.52,4.28
Kostas Tsimikas\Kostas-Tsimikas,gr GRE,DF,Liverpool,24,1996,0.1,60,80,75,1180,0,40,40,100,10,20,50,10,20,50,0,0,0,0,0,0,0,0
Axel Tuanzebe\Axel-Tuanzebe,eng ENG,DF,Manchester Utd,22,1997,4.5,52.4,58.4,89.7,1058.4,232.7,16.9,18,93.8,27.3,29.3,93.2,7.78,9.56,81.4,0,0,0,0,2,0,0,2.22
Cengiz Ünder\Cengiz-Under,tr TUR,MFFW,Leicester City,23,1997,3.1,29.4,41.6,70.5,501.9,161,16.1,19.7,82,9.68,12.3,78.9,3.23,6.13,52.6,0.65,0.58,0.06,1.94,1.61,3.23,1.29,3.23
Yan Valery\Yan-Valery,fr FRA,DFMF,Southampton,21,1999,1.1,48.2,58.2,82.8,802.7,244.5,22.7,24.5,92.6,23.6,25.5,92.9,1.82,5.45,33.3,0,0,0,0,0,1.82,0.91,1.82
Jamie Vardy\Jamie-Vardy,eng ENG,FW,Leicester City,33,1987,31.6,9.49,14.3,66.4,141.7,22.7,5.76,8.07,71.4,2.78,4.08,68.2,0.63,1.04,60.6,0.28,0.16,0.13,0.85,0.41,0.35,0,0.79
Joël Veltman\Joel-Veltman,nl NED,DF,Brighton,28,1992,25.3,45.5,58.9,77.3,900.3,359,16.3,18.6,87.5,23,28.1,81.7,5.93,10.9,54.2,0.04,0.04,0,0.83,3.79,1.38,0.51,4.78
Jannik Vestergaard\Jannik-Vestergaard,dk DEN,DF,Southampton,27,1992,28.6,50.5,59.9,84.3,1045.6,379.4,17.6,19,92.6,25.7,28.8,89,7.03,11.2,62.6,0,0.02,-0.02,0.24,3.43,0.31,0,2.55
Rúben Vinagre\Ruben-Vinagre,pt POR,DF,Wolves,21,1999,1.9,43.2,51.6,83.7,689.5,170.5,23.2,25.3,91.7,16.3,21.1,77.5,3.68,4.74,77.8,0,0,0,0,1.05,0.53,0.53,1.05
Carlos Vinícius\Carlos-Vinicius,br BRA,FW,Tottenham,25,1995,3.4,7.35,12.9,56.8,101.2,16.8,2.65,5.59,47.4,2.35,3.82,61.5,0.59,1.47,40,0,0.03,-0.03,0.59,0.59,0.29,0,0.88
João Virgínia\Joao-Virginia,pt POR,GK,Everton,20,1999,0.5,18,34,52.9,620,446,2,2,100,6,6,100,10,26,38.5,0,0,0,0,0,0,0,0
Vitinha\Vitinha,pt POR,MF,Wolves,20,2000,5.8,49.8,56.7,87.8,831,116.9,23.4,26.2,89.5,20.2,21.2,95.1,4.66,6.9,67.5,0.17,0.12,0.05,2.07,3.62,0.52,0,2.07
Jake Vokins\Jake-Vokins,eng ENG,DF,Southampton,20,2000,0.7,28.6,31.4,90.9,530,164.3,10,10,100,18.6,18.6,100,0,1.43,0,0,0.29,-0.29,2.86,0,2.86,1.43,4.29
Matěj Vydra\Matej-Vydra,cz CZE,FW,Burnley,28,1992,15.2,12.7,17.5,72.6,160.1,24.7,8.62,11.3,76.2,2.76,3.55,77.8,0.59,0.92,64.3,0.13,0.12,0.01,0.92,0.46,0.59,0.13,0.86
Theo Walcott\Theo-Walcott,eng ENG,MFFW,Southampton,31,1989,18,17.1,23.6,72.4,243.6,51.4,10.2,12.4,82.5,5.28,7.39,71.4,0.72,1.94,37.1,0.17,0.07,0.1,0.94,1.06,0.78,0.22,1.5
Theo Walcott\Theo-Walcott,eng ENG,FW,Everton,31,1989,0.1,10,10,100,180,100,0,0,,10,10,100,0,0,,0,0,0,0,0,0,0,0
Kyle Walker\Kyle-Walker,eng ENG,DF,Manchester City,30,1990,21.6,78.5,87.8,89.4,1566.7,413.9,28.8,31,93,38.4,41.2,93.4,10.6,13.8,76.5,0.05,0.02,0.02,0.32,8.94,0.56,0.09,4.95
Kyle Walker-Peters\Kyle-Walker-Peters,eng ENG,DF,Southampton,23,1997,29.4,44,54.9,80.3,734.3,243.6,22.3,24.3,91.6,17.1,21.2,80.9,3.74,6.63,56.4,0.07,0.05,0.02,0.58,2.01,0.54,0.07,3.13
Aaron Wan-Bissaka\Aaron-Wan-Bissaka,eng ENG,DF,Manchester Utd,22,1997,34,52.2,60.7,86,789.4,280.9,29.6,32.2,92.1,19.6,22.4,87.5,2.09,3.68,56.8,0.12,0.07,0.05,0.88,2.59,0.97,0.41,3.68
Joel Ward\Joel-Ward,eng ENG,DF,Crystal Palace,30,1989,25.1,31.2,43,72.7,524.8,258.8,15.6,17.8,87.5,11.8,15.8,74.7,2.91,6.81,42.7,0.04,0.02,0.02,0.28,2.43,0.4,0.08,2.79
James Ward-Prowse\James-Ward-Prowse,eng ENG,MF,Southampton,25,1994,38,55.7,68.9,80.8,998.7,264.8,24.7,27.4,90.3,24.1,26.6,90.4,5.89,13.1,45,0.18,0.11,0.08,1.5,4.08,0.63,0.03,4.08
Ollie Watkins\Ollie-Watkins,eng ENG,FW,Aston Villa,24,1995,37,16.4,22.5,72.8,221.4,39.2,10.7,13.7,78.1,4.51,6,75.2,0.51,1,51.4,0.14,0.11,0.02,1.14,1.08,0.68,0.08,1.22
Caleb Watts\Caleb-Watts,au AUS,MFFW,Southampton,18,2002,0.4,20,32.5,61.5,402.5,102.5,10,17.5,57.1,7.5,12.5,60,2.5,2.5,100,0,0,0,0,0,2.5,2.5,0
Adam Webster\Adam-Webster,eng ENG,DF,Brighton,25,1995,28.8,51.5,62.3,82.7,1128.7,393,14.1,16.3,86.8,27.7,30.9,89.9,9.34,13.9,67.3,0,0.01,-0.01,0.21,4.58,0.24,0.03,3.82
Danny Welbeck\Danny-Welbeck,eng ENG,FW,Brighton,29,1990,17.2,12.7,15.6,81.7,172.2,35.1,8.2,9.65,84.9,3.26,3.66,88.9,0.7,0.93,75,0.06,0.13,-0.07,1.28,0.76,0.35,0.06,1.22
Timo Werner\Timo-Werner,de GER,FW,Chelsea,24,1996,28.9,22.1,28.6,77.2,332.5,65.5,12.1,14.8,81.4,8.3,9.65,86,0.93,1.83,50.9,0.28,0.21,0.07,1.18,1.07,0.8,0.21,1.94
Ashley Westwood\Ashley-Westwood,eng ENG,MF,Burnley,30,1990,37.9,41.3,56.1,73.7,876.8,279.2,14.6,16.4,89.1,17.1,20.6,82.9,8.52,16.9,50.3,0.08,0.13,-0.05,1.29,4.78,1.93,0.32,5.33
Ben White\Ben-White,eng ENG,DFMF,Brighton,22,1997,35.5,41.4,49.7,83.2,867.2,265.5,13.7,15.2,90.2,20.5,23,89.3,6.79,10.6,64.3,0,0.02,-0.02,0.23,3.13,0.56,0.06,3.27
Georginio Wijnaldum\Georginio-Wijnaldum,nl NED,MF,Liverpool,29,1990,32.7,49.8,53.4,93.3,857.7,165.9,23.9,25.2,94.7,20.3,21.4,94.8,4.68,5.23,89.5,0,0.06,-0.06,0.67,4.28,0.64,0.03,2.84
Brandon Williams\Brandon-Williams,eng ENG,DF,Manchester Utd,19,2000,2.1,57.1,66.7,85.7,981.9,352.9,29.5,31.4,93.9,21.4,26.2,81.8,5.71,6.67,85.7,0,0,0,0.48,3.81,0.95,0.48,2.86
Neco Williams\Neco-Williams,wal WAL,DF,Liverpool,19,2001,2.8,55.7,76.1,73.2,910,311.4,28.9,32.5,89,19.3,23.6,81.8,5,11.8,42.4,0,0.11,-0.11,1.07,3.57,0.36,0.36,6.07
Rhys Williams\Rhys-Williams,eng ENG,DF,Liverpool,19,2001,7.3,56.8,61.8,92,1284.1,317.3,12.5,13.7,91,31.2,32.7,95.4,12.7,14.7,86.9,0,0.05,-0.05,0.27,2.88,0.14,0,1.78
Willian\Willian,br BRA,FWMF,Arsenal,31,1988,15.6,40,50.4,79.3,755.4,147.4,17.9,20.3,88.3,16.3,19.4,84.2,5.45,9.68,56.3,0.32,0.16,0.16,1.86,2.18,1.92,0.64,3.14
Joe Willock\Joe-Willock,eng ENG,MF,Arsenal,20,1999,2.6,26.5,35,75.8,414.6,107.3,13.5,16.2,83.3,10.8,13.1,82.4,1.15,3.46,33.3,0,0,0,0.77,3.46,1.54,0.38,2.31
Joe Willock\Joe-Willock,eng ENG,MF,Newcastle Utd,20,1999,10.9,16.6,21.6,77,274.6,104.6,8.26,9.45,87.4,5.78,7.52,76.8,1.65,3.03,54.5,0,0.06,-0.06,0.73,1.74,0.64,0.18,2.57
Callum Wilson\Callum-Wilson,eng ENG,FW,Newcastle Utd,28,1992,23.2,11,15.8,69.7,151.8,29.5,6.38,8.53,74.7,3.49,4.53,77.1,0.39,0.6,64.3,0.22,0.09,0.12,0.6,0.43,0.56,0,0.86
Harry Winks\Harry-Winks,eng ENG,MF,Tottenham,24,1996,9.6,57.7,68.5,84.2,1091,307.4,24,26.3,91.3,25.3,28.1,90,7.5,11.5,65.5,0,0.03,-0.03,0.52,7.6,0.63,0,5.63
Chris Wood\Chris-Wood,nz NZL,FW,Burnley,28,1991,30.5,14.4,21.6,66.9,191.7,30,8.95,12.5,71.7,4.16,6.13,67.9,0.43,0.75,56.5,0.1,0.07,0.03,0.75,0.79,0.16,0,1.11
Granit Xhaka\Granit-Xhaka,ch SUI,MFDF,Arsenal,27,1992,28,69.5,77.3,89.9,1405.5,366.3,25.1,27.4,91.5,32.6,34.8,93.5,11.1,13.4,82.9,0.07,0.06,0.01,0.64,9.57,1.04,0.04,7.61
Andriy Yarmolenko\Andriy-Yarmolenko,ua UKR,FWMF,West Ham,30,1989,4.2,29.5,37.4,79,513.8,139,16.7,18.8,88.6,8.57,11.9,72,4.05,5.71,70.8,0.24,0.24,0,1.19,2.38,1.43,0.48,2.62
DeAndre Yedlin\DeAndre-Yedlin,us USA,DF,Newcastle Utd,27,1993,4.8,23.1,35.8,64.5,366.7,168.5,12.7,15.8,80.3,7.5,11.5,65.5,2.29,6.46,35.5,0,0.02,-0.02,0.63,1.04,1.25,0.21,2.71
Okay Yokuşlu\Okay-Yokuslu,tr TUR,MF,West Brom,26,1994,14.6,30.2,36.3,83.2,524.9,155,14.5,16.2,89.4,10.4,12.7,81.7,4.04,5.21,77.6,0.07,0.04,0.03,0.34,1.85,0.21,0,2.88
Wilfried Zaha\Wilfried-Zaha,ci CIV,FW,Crystal Palace,27,1992,29,20.4,26.9,75.9,308.3,76.6,12,14.7,81.5,6.14,7.52,81.7,1.45,2.38,60.9,0.07,0.11,-0.04,0.93,1,1.24,0.17,2.48
Andre-Frank Zambo Anguissa\Andre-Frank-Zambo-Anguissa,cm CMR,MF,Fulham,24,1995,28.7,41.7,49.1,84.9,715.3,170.5,19.2,22,87.5,18.5,20.5,90,3.14,4.6,68.2,0.1,0.08,0.03,0.94,4.67,0.8,0.17,3.97
Andi Zeqiri\Andi-Zeqiri,ch SUI,FWDF,Brighton,21,1999,1.9,10.5,22.6,46.5,162.1,44.2,5.79,9.47,61.1,3.68,6.84,53.8,0.53,4.21,12.5,0,0.05,-0.05,0.53,1.05,0.53,0.53,2.11
Oleksandr Zinchenko\Oleksandr-Zinchenko,ua UKR,DF,Manchester City,23,1996,16.4,81.2,89.9,90.2,1329.6,369,42.5,44.8,95,31.8,34.6,92.1,5.79,8.48,68.3,0,0.08,-0.08,0.79,6.59,0.85,0,5.67
Hakim Ziyech\Hakim-Ziyech,ma MAR,FWMF,Chelsea,27,1993,13,42.2,56.5,74.7,724.1,196.2,20.9,24.3,86.1,15.2,18.2,83.5,4.85,10.8,44.7,0.23,0.28,-0.05,2.62,3.62,2.46,0.46,5.38
Kurt Zouma\Kurt-Zouma,fr FRA,DF,Chelsea,25,1994,22.5,70.2,76.4,91.9,1511.4,393.9,19.4,20.3,95.4,39.1,41.1,95.1,11.3,14.2,79.6,0,0,0,0.09,4.27,0.13,0,2.93
Martin Ødegaard\Martin-Odegaard,no NOR,MF,Arsenal,21,1998,9.6,46.9,54.3,86.4,762.4,185,23.3,24.4,95.7,17.4,19.7,88.4,4.17,7.08,58.8,0.21,0.22,-0.01,2.19,3.54,1.88,0.1,5
